排名	词语	频次	PMI	左熵	右熵	得分	分类原因
1	障碍	28	11.3119	3.3774	4.5931	19.2824	高分无医学特征字
2	茶碱	21	10.7807	4.2971	3.5538	18.6315	高分无医学特征字
3	冉丕鑫	4	14.3657	2.0	2.0	18.3657	高分无医学特征字
4	姚婉贞	4	14.3657	2.0	2.0	18.3657	高分无医学特征字
5	锻炼	5	14.0437	1.9219	2.3219	18.2876	高分无医学特征字
6	问卷	40	9.3123	4.1118	4.6342	18.0582	高分无医学特征字
7	营养	11	12.0702	3.0958	2.8454	18.0113	高分无医学特征字
8	缺乏	20	10.8343	3.2464	3.9219	18.0026	高分无医学特征字
9	暴露	29	11.1792	3.8144	2.9636	17.9573	高分无医学特征字
10	铜绿假	3	14.7807	1.585	1.585	17.9506	高分无医学特征字
11	随访	44	9.6254	3.8654	4.4219	17.9127	高分无医学特征字
12	北京	14	12.3657	3.182	2.2638	17.8115	高分无医学特征字
13	回顾	7	12.4726	2.8074	2.5216	17.8016	高分无医学特征字
14	试验	38	9.9697	3.7852	4.0208	17.7758	高分无医学特征字
15	教育	29	10.2738	3.4266	4.0164	17.7168	高分无医学特征字
16	疫苗	35	10.5437	3.2443	3.8944	17.6824	高分无医学特征字
17	潴留	6	13.1433	2.2516	2.2516	17.6465	高分无医学特征字
18	溴铵	30	11.3184	2.0857	4.2281	17.6321	高分无医学特征字
19	口服	22	9.9424	3.7888	3.8797	17.6109	高分无医学特征字
20	欧洲	8	12.7363	2.75	2.0	17.4863	高分无医学特征字
21	住院	50	8.8452	4.4537	4.1644	17.4633	中等质量待审核
22	黏液	24	10.4271	4.1368	2.8648	17.4287	高分无医学特征字
23	恩塞芬汀	8	12.6652	2.75	2.0	17.4152	高分无医学特征字
24	任何	20	10.5817	3.0219	3.7842	17.3878	高分无医学特征字
25	痉挛	5	13.5177	1.5219	2.3219	17.3615	高分无医学特征字
26	检查	79	8.8244	2.8659	5.6123	17.3026	中等质量待审核
27	昏迷	3	14.7807	1.585	0.9183	17.284	高分无医学特征字
28	矛盾	3	14.7807	1.585	0.9183	17.284	高分无医学特征字
29	掌握	3	14.7807	0.9183	1.585	17.284	高分无医学特征字
30	踏车	3	14.7807	1.585	0.9183	17.284	高分无医学特征字
31	距离	6	12.9062	1.7925	2.585	17.2837	高分无医学特征字
32	抑郁	19	11.3375	2.8206	3.1158	17.2739	高分无医学特征字
33	陈荣昌	11	11.3213	3.0958	2.7322	17.1492	高分无医学特征字
34	解读	16	10.5583	3.2028	3.375	17.1361	高分无医学特征字
35	睡眠	9	11.9506	2.9477	2.1972	17.0955	高分无医学特征字
36	王凤燕	8	12.2782	2.75	2.0	17.0282	高分无医学特征字
37	梁振宇	5	12.7807	1.9219	2.3219	17.0245	高分无医学特征字
38	噻托溴铵	9	11.3068	2.7255	2.9477	16.9799	中等质量待审核
39	帮助	8	11.1957	3.0	2.75	16.9457	中等质量待审核
40	健康	70	9.0598	4.5866	3.2577	16.904	中等质量待审核
41	儿童	7	12.7136	2.5216	1.6645	16.8997	中等质量待审核
42	钟南山	5	13.0437	1.9219	1.9219	16.8876	中等质量待审核
43	浙江	3	14.3657	1.585	0.9183	16.8689	中等质量待审核
44	输送	3	14.3657	0.9183	1.585	16.8689	中等质量待审核
45	柔韧	4	14.3657	1.5	1.0	16.8657	中等质量待审核
46	头孢	9	11.2502	2.4194	3.1699	16.8395	中等质量待审核
47	医院	77	6.9894	4.3687	5.4563	16.8145	中等质量待审核
48	羧甲司坦	4	12.7807	2.0	2.0	16.7807	中等质量待审核
49	什么	4	13.7807	1.5	1.5	16.7807	中等质量待审核
50	允许	4	12.7218	2.0	2.0	16.7218	中等质量待审核
51	疲劳	4	12.7218	2.0	2.0	16.7218	中等质量待审核
52	家庭	14	10.1562	3.5216	3.0391	16.717	中等质量待审核
53	LABALAMA	32	8.5155	4.0109	4.1748	16.7012	中等质量待审核
54	衰竭	52	10.3609	1.8836	4.4164	16.6608	中等质量待审核
55	疾病	278	6.5965	4.5358	5.4961	16.6285	含医学特征词但质量一般
56	妊娠	3	14.7807	0.9183	0.9183	16.6173	中等质量待审核
57	轨迹	8	13.0437	1.5613	2.0	16.605	中等质量待审核
58	CPMPEWP	6	12.4912	1.7925	2.2516	16.5353	中等质量待审核
59	辅助	11	11.0702	2.7322	2.7322	16.5345	中等质量待审核
60	慢阻肺	581	5.9976	6.4537	4.0746	16.526	含医学特征词但质量一般
61	遗传	11	11.3698	2.914	2.2313	16.515	中等质量待审核
62	密切	6	12.3213	2.585	1.585	16.4912	中等质量待审核
63	悬浮	3	13.9506	0.9183	1.585	16.4539	中等质量待审核
64	世界	6	12.9062	2.2516	1.2516	16.4095	中等质量待审核
65	广泛	9	10.6652	2.9477	2.6416	16.2545	中等质量待审核
66	咨询	3	13.0437	1.585	1.585	16.2137	中等质量待审核
67	负荷	7	11.1562	2.2359	2.8074	16.1995	中等质量待审核
68	负担	19	10.8192	1.6282	3.7216	16.169	中等质量待审核
69	沙星	8	11.8738	2.0	2.25	16.1238	中等质量待审核
70	王辰	5	12.2782	1.9219	1.9219	16.122	中等质量待审核
71	培训	12	10.4369	2.6258	3.0221	16.0848	中等质量待审核
72	判断	13	9.3519	3.5466	3.1808	16.0793	中等质量待审核
73	注意	31	9.1462	2.81	4.0668	16.023	中等质量待审核
74	我国	35	8.116	4.1859	3.7014	16.0033	中等质量待审核
75	管理	75	6.6642	4.0818	5.2433	15.9893	含医学特征词但质量一般
76	甚至	6	10.7218	2.585	2.585	15.8917	中等质量待审核
77	沙丁胺醇	5	12.0437	1.9219	1.9219	15.8876	中等质量待审核
78	积极	9	10.2137	2.9477	2.7255	15.8868	中等质量待审核
79	职业	8	12.2888	2.25	1.2988	15.8376	中等质量待审核
80	负责	7	10.5041	2.5216	2.8074	15.8331	中等质量待审核
81	尼古丁	5	12.9062	1.9219	0.971	15.7991	中等质量待审核
82	托溴铵	13	11.3519	0.8905	3.5466	15.7889	中等质量待审核
83	王凤燕张冬莹	4	12.2782	2.0	1.5	15.7782	中等质量待审核
84	精神	6	12.3657	1.9183	1.4591	15.7431	中等质量待审核
85	乙酰	7	12.9062	1.9502	0.8631	15.7196	中等质量待审核
86	ERSPH指南	3	13.1957	0.9183	1.585	15.699	中等质量待审核
87	落实	8	10.0664	2.75	2.75	15.5664	中等质量待审核
88	贡献	5	11.7218	1.5219	2.3219	15.5657	中等质量待审核
89	司坦	8	11.0803	1.4056	3.0	15.4859	中等质量待审核
90	它们	6	10.9733	2.2516	2.2516	15.4766	中等质量待审核
91	阿奇	6	12.9062	1.9183	0.65	15.4745	中等质量待审核
92	CPMPICH	4	11.4468	2.0	2.0	15.4468	中等质量待审核
93	刺激	11	9.6817	2.6635	3.0958	15.441	中等质量待审核
94	啰音	3	12.9062	0.9183	1.585	15.4095	中等质量待审核
95	李姝润	3	12.9062	0.9183	1.585	15.4095	中等质量待审核
96	双盲	6	10.8953	2.2516	2.2516	15.3986	中等质量待审核
97	ICSLABA	22	7.6652	3.8454	3.8797	15.3902	中等质量待审核
98	弥漫	4	12.5583	2.0	0.8113	15.3696	中等质量待审核
99	团队	8	12.4953	1.5488	1.2988	15.3429	中等质量待审核
100	基层	44	8.8958	4.8148	1.6142	15.3248	中等质量待审核
101	储物罐	3	12.7807	0.9183	1.585	15.284	中等质量待审核
102	高碳酸血症	15	7.8738	3.7736	3.5899	15.2373	中等质量待审核
103	清晰	3	12.0437	1.585	1.585	15.2137	中等质量待审核
104	支持	27	6.8351	3.9121	4.4586	15.2058	中等质量待审核
105	技巧	4	11.6108	1.5	2.0	15.1108	中等质量待审核
106	委员会	14	9.2108	2.217	3.6645	15.0924	中等质量待审核
107	灵敏	4	12.2782	2.0	0.8113	15.0895	中等质量待审核
108	外周	19	8.9585	3.9321	2.1398	15.0305	中等质量待审核
109	教授	8	10.9394	2.75	1.2988	14.9882	中等质量待审核
110	广州	14	10.8876	2.8352	1.2638	14.9867	中等质量待审核
111	平滑肌	6	10.0772	2.2516	2.585	14.9138	中等质量待审核
112	纤毛	6	11.8213	1.7925	1.2516	14.8654	中等质量待审核
113	inthe	24	6.3175	4.4183	4.085	14.8208	中等质量待审核
114	足够	8	10.1513	2.25	2.4056	14.807	中等质量待审核
115	遵循	8	12.1957	1.0613	1.5488	14.8058	中等质量待审核
116	痰液	10	8.3567	3.3219	3.1219	14.8005	中等质量待审核
117	隆寰宇	4	12.4588	0.8113	1.5	14.77	中等质量待审核
118	祛痰	6	10.5583	1.9183	2.2516	14.7282	中等质量待审核
119	Email	24	10.9993	2.8567	0.8659	14.7218	中等质量待审核
120	杂志	82	9.6639	1.908	3.119	14.6908	中等质量待审核
121	姑息	5	11.6108	2.3219	0.7219	14.6546	中等质量待审核
122	糠酸氟替卡松	4	11.8421	2.0	0.8113	14.6534	中等质量待审核
123	Setal	20	6.3368	4.3219	3.9842	14.6429	中等质量待审核
124	静息	6	9.8034	2.585	2.2516	14.64	中等质量待审核
125	LAMALABA	21	7.9078	3.749	2.9803	14.6371	中等质量待审核
126	郑劲平	5	10.2996	2.3219	1.9219	14.5434	中等质量待审核
127	KOVACSG	3	11.3657	1.585	1.585	14.5356	中等质量待审核
128	清楚	4	11.7218	0.8113	2.0	14.5331	中等质量待审核
129	缩唇	5	11.4588	2.3219	0.7219	14.5026	中等质量待审核
130	污染	20	9.8523	1.3918	3.2464	14.4905	中等质量待审核
131	专家共识	7	10.5006	1.8424	2.1281	14.471	中等质量待审核
132	西林	4	11.4468	1.5	1.5	14.4468	中等质量待审核
133	氟替卡松	6	11.6652	0.9183	1.7925	14.376	中等质量待审核
134	验证	16	7.8899	3.4528	3.0306	14.3734	中等质量待审核
135	借助	3	11.1957	1.585	1.585	14.3657	中等质量待审核
136	上述	10	8.3213	3.1219	2.9219	14.3651	中等质量待审核
137	studyJ	32	6.6379	4.125	3.6009	14.3639	中等质量待审核
138	球菌疫苗	10	10.5583	1.1568	2.6464	14.3615	中等质量待审核
139	短效	26	7.9132	3.3826	3.0545	14.3503	中等质量待审核
140	深圳市	4	11.8421	1.0	1.5	14.3421	中等质量待审核
141	林克拉	3	12.4912	0.9183	0.9183	14.3278	中等质量待审核
142	仪器	8	10.8343	1.0613	2.4056	14.3012	中等质量待审核
143	专家	17	9.1993	2.6601	2.4404	14.2998	中等质量待审核
144	粉尘	6	11.7907	0.9183	1.585	14.294	中等质量待审核
145	培养	5	10.4302	1.9219	1.9219	14.2741	中等质量待审核
146	基础上	14	8.3119	2.2608	3.6645	14.2372	中等质量待审核
147	罗氟	18	10.1627	3.2391	0.8031	14.2049	中等质量待审核
148	jissn	26	9.1957	2.5412	2.4416	14.1786	中等质量待审核
149	失衡	9	9.5328	1.4466	3.1699	14.1493	中等质量待审核
150	休息	3	11.6108	1.585	0.9183	14.114	中等质量待审核
151	肺气肿	29	5.8972	4.1683	4.0473	14.1128	含医学特征词但质量一般
152	抗菌	36	8.165	4.2255	1.7087	14.0992	中等质量待审核
153	克拉	4	11.7807	0.8113	1.5	14.092	中等质量待审核
154	深圳	5	11.8421	1.5219	0.7219	14.086	中等质量待审核
155	LABAICS	17	7.2932	3.1019	3.6901	14.0852	中等质量待审核
156	禁忌证	7	9.8899	1.6645	2.5216	14.0761	中等质量待审核
157	药物治疗	51	5.2519	4.236	4.576	14.0639	含医学特征词但质量一般
158	抗菌药物	15	7.4302	3.4566	3.1069	13.9937	含医学特征词但质量一般
159	教授团队	5	10.9394	2.3219	0.7219	13.9832	中等质量待审核
160	肺癌	20	5.7762	4.2219	3.9842	13.9823	含医学特征词但质量一般
161	感觉	9	8.8343	2.5033	2.6416	13.9791	中等质量待审核
162	乙酰半胱氨酸	5	10.1177	1.5219	2.3219	13.9616	中等质量待审核
163	国家	22	7.3028	3.4429	3.209	13.9546	中等质量待审核
164	隆溴铵	9	10.7218	0.5033	2.7255	13.9505	中等质量待审核
165	强烈	3	10.7707	1.585	1.585	13.9406	中等质量待审核
166	实验室	5	10.2364	1.371	2.3219	13.9293	中等质量待审核
167	房颤	6	12.6287	0.65	0.65	13.9287	中等质量待审核
168	滑肌	7	10.5292	0.5917	2.8074	13.9282	中等质量待审核
169	雾化	24	7.6501	3.9702	2.2925	13.9128	含医学特征词但质量一般
170	居家	6	9.7412	1.9183	2.2516	13.9111	中等质量待审核
171	补充	6	10.1957	2.2516	1.4591	13.9065	中等质量待审核
172	磷酸二酯酶	3	12.0437	0.9183	0.9183	13.8803	含医学特征词但质量一般
173	承担	5	11.7807	0.7219	1.371	13.8736	中等质量待审核
174	二氧化	13	8.8981	3.0851	1.8843	13.8674	含医学特征词但质量一般
175	任务	7	9.6032	2.1281	2.1281	13.8593	中等质量待审核
176	长效	42	7.0092	4.1349	2.7073	13.8514	中等质量待审核
177	陈典隆寰宇	3	11.3213	1.585	0.9183	13.8245	中等质量待审核
178	AGUSTIA	4	9.7958	2.0	2.0	13.7958	中等质量待审核
179	炎症	27	5.9705	3.6899	4.1343	13.7947	含医学特征词但质量一般
180	JChest	21	6.6677	3.2369	3.8802	13.7847	中等质量待审核
181	丧失	3	10.6108	1.585	1.585	13.7807	中等质量待审核
182	满足	3	10.6108	1.585	1.585	13.7807	中等质量待审核
183	漏诊	9	8.4063	2.6416	2.7255	13.7734	中等质量待审核
184	右心	14	7.8798	3.8074	2.0742	13.7613	含医学特征词但质量一般
185	国际	10	8.4678	2.6464	2.6464	13.7607	中等质量待审核
186	慢阻肺病患者	46	5.4698	4.2569	4.0174	13.7441	含医学特征词但质量一般
187	静脉	9	8.9534	2.7255	2.0588	13.7377	含医学特征词但质量一般
188	延长	7	8.1177	2.8074	2.8074	13.7324	中等质量待审核
189	下肢	5	9.0803	2.3219	2.3219	13.7241	中等质量待审核
190	意愿	5	9.8358	1.9219	1.9219	13.6797	中等质量待审核
191	更好	17	7.5541	3.9698	2.1451	13.6691	中等质量待审核
192	LAMALABALAMA	7	8.0233	2.8074	2.8074	13.638	中等质量待审核
193	伴随	8	7.8859	3.0	2.75	13.6359	中等质量待审核
194	咳嗽咳痰	6	9.9227	1.7925	1.9183	13.6335	含医学特征词但质量一般
195	论文	6	8.4498	2.585	2.585	13.6197	中等质量待审核
196	种族	8	8.581	2.5	2.5	13.581	中等质量待审核
197	衰老	6	8.7254	2.2516	2.585	13.562	中等质量待审核
198	医学	85	6.6406	3.3287	3.5797	13.5489	中等质量待审核
199	扩张	38	8.809	1.3214	3.4028	13.5333	含医学特征词但质量一般
200	资源	6	10.6063	0.65	2.2516	13.508	中等质量待审核
201	失败	5	10.6108	0.971	1.9219	13.5036	中等质量待审核
202	forthe	19	7.1312	3.4714	2.9001	13.5026	中等质量待审核
203	文献报	7	10.3884	2.5216	0.5917	13.5017	中等质量待审核
204	暴露史	9	8.8702	1.4466	3.1699	13.4868	中等质量待审核
205	医院陈	7	7.8618	2.8074	2.8074	13.4765	中等质量待审核
206	室内	14	8.1702	2.9502	2.3527	13.4732	中等质量待审核
207	平均	7	7.8215	2.8074	2.8074	13.4362	中等质量待审核
208	缩短	8	9.2624	2.4056	1.75	13.418	中等质量待审核
209	嗜睡	4	9.4115	2.0	2.0	13.4115	中等质量待审核
210	外周血嗜酸	8	10.1177	2.75	0.5436	13.4113	中等质量待审核
211	优先	4	9.3884	2.0	2.0	13.3884	中等质量待审核
212	PAPA	4	10.3657	1.5	1.5	13.3657	英文缩写待确认
213	张冬莹	7	9.1758	1.6645	2.5216	13.362	中等质量待审核
214	注意事项	6	10.4588	0.65	2.2516	13.3604	中等质量待审核
215	菌感染	13	7.6131	2.192	3.5466	13.3517	含医学特征词但质量一般
216	头痛	4	9.3433	2.0	2.0	13.3433	含医学特征词但质量一般
217	深入探	3	10.1693	1.585	1.585	13.3392	中等质量待审核
218	陈典	4	10.5139	2.0	0.8113	13.3252	中等质量待审核
219	门诊	9	7.9209	2.7255	2.6416	13.288	中等质量待审核
220	监督	4	10.7807	1.5	1.0	13.2807	中等质量待审核
221	FEVFVC	13	8.8566	3.2389	1.1451	13.2407	中等质量待审核
222	延缓	5	9.7807	1.9219	1.5219	13.2245	中等质量待审核
223	升高	14	7.0373	2.9502	3.2359	13.2234	中等质量待审核
224	杆菌	7	9.8899	1.6645	1.6645	13.2189	中等质量待审核
225	服务	5	9.3657	1.9219	1.9219	13.2095	中等质量待审核
226	酯酶	4	10.8738	0.8113	1.5	13.1851	含医学特征词但质量一般
227	血嗜酸粒细胞	19	8.5418	3.1814	1.4425	13.1657	含医学特征词但质量一般
228	细菌	14	7.0826	3.5216	2.5567	13.1609	中等质量待审核
229	舒张剂	77	8.3401	0.5962	4.2193	13.1557	含医学特征词但质量一般
230	炎球菌疫苗	7	9.1929	1.1488	2.8074	13.1491	含医学特征词但质量一般
231	胆碱	21	10.6494	1.2495	1.2467	13.1456	含医学特征词但质量一般
232	睡眠障碍	3	9.9733	1.585	1.585	13.1433	中等质量待审核
233	防御	3	9.9563	1.585	1.585	13.1262	中等质量待审核
234	升级	13	8.1896	2.5654	2.3535	13.1086	中等质量待审核
235	糖尿	6	10.2024	2.2516	0.65	13.1041	含医学特征词但质量一般
236	广州医科	8	9.7807	2.75	0.5436	13.0743	中等质量待审核
237	阿奇霉素	5	8.8188	1.9219	2.3219	13.0626	含医学特征词但质量一般
238	LABALAMAICS	7	7.7136	2.8074	2.5216	13.0426	中等质量待审核
239	专业	5	9.7363	1.9219	1.371	13.0292	中等质量待审核
240	栓塞	16	8.1596	1.6494	3.2028	13.0118	中等质量待审核
241	沙美	5	10.3657	1.9219	0.7219	13.0095	中等质量待审核
242	张剂	93	7.8821	0.7204	4.4057	13.0082	含医学特征词但质量一般
243	磷酸二	4	10.6932	1.5	0.8113	13.0045	中等质量待审核
244	切除	3	9.7807	1.585	1.585	12.9506	含医学特征词但质量一般
245	嗽咳痰	7	10.0962	0.5917	2.2359	12.9238	含医学特征词但质量一般
246	细胞释放	3	9.7509	1.585	1.585	12.9209	含医学特征词但质量一般
247	巨噬细胞	3	10.3884	1.585	0.9183	12.8916	含医学特征词但质量一般
248	血管	65	6.2781	2.581	4.0246	12.8838	含医学特征词但质量一般
249	激素	39	7.6612	0.9145	4.3043	12.88	含医学特征词但质量一般
250	急救药物	6	8.0392	2.585	2.2516	12.8758	含医学特征词但质量一般
251	粒细胞	26	9.8615	0.7442	2.2389	12.8446	含医学特征词但质量一般
252	支气管舒张	73	8.7226	3.3773	0.6976	12.7975	含医学特征词但质量一般
253	抗胰蛋	8	9.4708	2.5	0.8113	12.7821	含医学特征词但质量一般
254	心肌梗死	5	8.4648	2.3219	1.9219	12.7086	含医学特征词但质量一般
255	二氧化硫	4	10.6932	1.0	1.0	12.6932	含医学特征词但质量一般
256	疾病负担	10	7.3207	2.4464	2.9219	12.6891	含医学特征词但质量一般
257	抗胰蛋白酶	6	9.4708	2.2516	0.9183	12.6408	含医学特征词但质量一般
258	支气管扩张剂	14	7.5328	2.118	2.9502	12.6009	含医学特征词但质量一般
259	抗胆碱	16	9.0785	2.7744	0.6962	12.5491	含医学特征词但质量一般
260	红细胞	5	8.635	2.3219	1.5219	12.4789	含医学特征词但质量一般
261	嗜酸粒细胞	21	10.3213	0.549	1.6017	12.4719	含医学特征词但质量一般
262	药品	7	7.7791	2.5216	2.1281	12.4288	含医学特征词但质量一般
263	溴铵DPI	5	9.5328	1.5219	1.371	12.4256	英文缩写待确认
264	心肌梗	7	8.4648	2.8074	1.1488	12.421	含医学特征词但质量一般
265	杆菌感染	4	9.581	0.8113	2.0	12.3923	含医学特征词但质量一般
266	纤维化	4	8.3131	2.0	2.0	12.3131	含医学特征词但质量一般
267	臭氧	4	9.2996	1.5	1.5	12.2996	含医学特征词但质量一般
268	支气管哮喘	7	7.4848	2.2359	2.5216	12.2423	含医学特征词但质量一般
269	细菌感染	5	8.3724	1.9219	1.9219	12.2163	含医学特征词但质量一般
270	氧化碳	8	8.9776	0.9544	2.1556	12.0877	含医学特征词但质量一般
271	心血管风险	8	7.5786	1.75	2.75	12.0786	含医学特征词但质量一般
272	XCT	3	8.8953	1.585	1.585	12.0653	英文缩写待确认
273	心血管疾病	9	6.1687	3.1699	2.7255	12.0641	含医学特征词但质量一般
274	心律	23	7.7029	3.8279	0.5132	12.044	含医学特征词但质量一般
