排名	词语	频次	PMI	左熵	右熵	综合得分
1	治疗	554	6.6584	6.2278	6.5595	19.4457
2	戒烟	57	8.8755	5.2099	5.2582	19.3436
3	障碍	28	11.3119	3.3774	4.5931	19.2824
4	EBOL	12	12.7807	3.585	2.8554	19.221
5	患者	528	6.8289	5.3813	6.5938	18.8041
6	症状	173	7.3426	5.7379	5.6938	18.7743
7	茶碱	21	10.7807	4.2971	3.5538	18.6315
8	临床	181	8.7182	5.0293	4.8828	18.6303
9	冉丕鑫	4	14.3657	2.0	2.0	18.3657
10	姚婉贞	4	14.3657	2.0	2.0	18.3657
11	咳嗽	29	10.4839	3.8235	4.0213	18.3286
12	锻炼	5	14.0437	1.9219	2.3219	18.2876
13	既往	14	11.8376	3.4677	2.9502	18.2556
14	哮喘	22	11.1812	3.4753	3.5503	18.2068
15	呼吸困难	96	7.6399	5.3319	5.2307	18.2025
16	骨质疏松	11	11.8421	3.4594	2.8454	18.1469
17	获益	23	10.512	3.5014	4.0888	18.1022
18	问卷	40	9.3123	4.1118	4.6342	18.0582
19	储雾罐	8	12.7807	2.5	2.75	18.0307
20	营养	11	12.0702	3.0958	2.8454	18.0113
21	缺乏	20	10.8343	3.2464	3.9219	18.0026
22	药物	204	7.7056	5.2422	5.0198	17.9676
23	暴露	29	11.1792	3.8144	2.9636	17.9573
24	铜绿假	3	14.7807	1.585	1.585	17.9506
25	诊断	86	8.1772	4.7717	4.9976	17.9464
26	随访	44	9.6254	3.8654	4.4219	17.9127
27	引起	27	9.8561	4.4306	3.6158	17.9026
28	SARSCoV	5	14.0437	2.3219	1.5219	17.8876
29	风险	93	8.8792	3.8521	5.1547	17.886
30	人群	51	8.9493	4.3068	4.6229	17.879
31	提供	27	9.4785	3.8842	4.4586	17.8212
32	doubleblind	11	12.7807	2.6635	2.3685	17.8127
33	北京	14	12.3657	3.182	2.2638	17.8115
34	预防	56	8.3124	4.7791	4.7112	17.8027
35	回顾	7	12.4726	2.8074	2.5216	17.8016
36	水平	18	9.5626	4.1699	4.0588	17.7913
37	试验	38	9.9697	3.7852	4.0208	17.7758
38	教育	29	10.2738	3.4266	4.0164	17.7168
39	修订	54	10.3132	4.5422	2.8588	17.7142
40	条件	13	10.7442	3.3927	3.5466	17.6835
41	疫苗	35	10.5437	3.2443	3.8944	17.6824
42	避免	9	11.5583	3.1699	2.9477	17.6759
43	感染	63	9.1056	3.6444	4.9181	17.668
44	潴留	6	13.1433	2.2516	2.2516	17.6465
45	溴铵	30	11.3184	2.0857	4.2281	17.6321
46	口服	22	9.9424	3.7888	3.8797	17.6109
47	parallelgroup	7	13.173	2.1281	2.2359	17.537
48	狭窄	3	14.3657	1.585	1.585	17.5356
49	欧洲	8	12.7363	2.75	2.0	17.4863
50	其他	47	8.4754	4.4592	4.5333	17.4679
51	住院	50	8.8452	4.4537	4.1644	17.4633
52	黏液	24	10.4271	4.1368	2.8648	17.4287
53	恩塞芬汀	8	12.6652	2.75	2.0	17.4152
54	环境	16	11.3657	3.25	2.7806	17.3963
55	任何	20	10.5817	3.0219	3.7842	17.3878
56	PDE4抑制剂	3	15.3657	1.0	1.0	17.3657
57	运动	63	8.3898	5.0262	3.9474	17.3635
58	痉挛	5	13.5177	1.5219	2.3219	17.3615
59	问题	23	10.1368	3.0223	4.1757	17.3349
60	检查	79	8.8244	2.8659	5.6123	17.3026
61	技术	18	10.1083	3.3921	3.7947	17.2951
62	昏迷	3	14.7807	1.585	0.9183	17.284
63	矛盾	3	14.7807	1.585	0.9183	17.284
64	掌握	3	14.7807	0.9183	1.585	17.284
65	呕吐	3	14.7807	0.9183	1.585	17.284
66	踏车	3	14.7807	1.585	0.9183	17.284
67	距离	6	12.9062	1.7925	2.585	17.2837
68	httpsgoldcopd	4	13.7807	2.0	1.5	17.2807
69	抑郁	19	11.3375	2.8206	3.1158	17.2739
70	控制	25	9.1442	4.3239	3.7795	17.2475
71	损伤	11	10.6577	3.4594	3.0958	17.2129
72	占预计值	21	9.744	3.5945	3.8209	17.1593
73	危险因素	42	8.8188	3.9081	4.4313	17.1581
74	陈荣昌	11	11.3213	3.0958	2.7322	17.1492
75	指南	88	8.2828	3.9087	4.9459	17.1375
76	解读	16	10.5583	3.2028	3.375	17.1361
77	睡眠	9	11.9506	2.9477	2.1972	17.0955
78	死亡	35	10.076	3.976	3.0346	17.0866
79	chronicobstructivepulmonarydisease	62	8.4678	4.111	4.4879	17.0667
80	评价	32	8.1074	4.3903	4.5625	17.0602
81	airpollution	4	13.5583	2.0	1.5	17.0583
82	急性加重	242	7.0914	4.5977	5.3539	17.043
83	王凤燕	8	12.2782	2.75	2.0	17.0282
84	梁振宇	5	12.7807	1.9219	2.3219	17.0245
85	呼吸	387	6.8738	5.8532	4.2773	17.0043
86	噻托溴铵	9	11.3068	2.7255	2.9477	16.9799
87	RVTLC	4	12.9733	2.0	2.0	16.9733
88	帮助	8	11.1957	3.0	2.75	16.9457
89	因素	112	7.6149	3.63	5.682	16.9269
90	健康	70	9.0598	4.5866	3.2577	16.904
91	筛查	30	9.1083	3.7362	4.0566	16.9011
92	儿童	7	12.7136	2.5216	1.6645	16.8997
93	钟南山	5	13.0437	1.9219	1.9219	16.8876
94	浙江	3	14.3657	1.585	0.9183	16.8689
95	输送	3	14.3657	0.9183	1.585	16.8689
96	柔韧	4	14.3657	1.5	1.0	16.8657
97	crosssectional	5	13.5583	1.9219	1.371	16.8512
98	范围	8	11.0989	2.75	3.0	16.8489
99	改变	46	7.8505	4.2761	4.7157	16.8423
100	头孢	9	11.2502	2.4194	3.1699	16.8395
101	终点	37	9.2006	2.9671	4.6689	16.8366
102	持续	32	9.0803	4.0511	3.6914	16.8228
103	陈亚红	8	11.3213	2.75	2.75	16.8213
104	调整	19	9.374	3.8269	3.6163	16.8172
105	airflowobstruction	7	11.7721	2.5216	2.5216	16.8154
106	医院	77	6.9894	4.3687	5.4563	16.8145
107	heartfailure	3	13.6287	1.585	1.585	16.7986
108	细胞	59	9.6563	3.1081	4.0169	16.7814
109	羧甲司坦	4	12.7807	2.0	2.0	16.7807
110	什么	4	13.7807	1.5	1.5	16.7807
111	qualityoflife	3	14.7807	1.0	1.0	16.7807
112	允许	4	12.7218	2.0	2.0	16.7218
113	疲劳	4	12.7218	2.0	2.0	16.7218
114	家庭	14	10.1562	3.5216	3.0391	16.717
115	LABALAMA	32	8.5155	4.0109	4.1748	16.7012
116	longacting	13	11.2847	2.7774	2.6235	16.6856
117	代谢	9	11.2182	3.1699	2.281	16.6691
118	airflowlimitation	4	12.6652	2.0	2.0	16.6652
119	衰竭	52	10.3609	1.8836	4.4164	16.6608
120	健康状况	21	9.7608	3.2321	3.649	16.6419
121	疾病	278	6.5965	4.5358	5.4961	16.6285
122	给予	10	10.7807	2.5219	3.3219	16.6245
123	妊娠	3	14.7807	0.9183	0.9183	16.6173
124	隐匿	3	14.7807	0.9183	0.9183	16.6173
125	微生态失衡	6	11.7807	2.2516	2.585	16.6173
126	肌肉	9	10.7218	3.1699	2.7255	16.6172
127	Emailzgqkyxchinagpnetcn	18	10.8738	2.4332	3.3083	16.6153
128	轨迹	8	13.0437	1.5613	2.0	16.605
129	免疫	18	9.9469	3.7947	2.8219	16.5634
130	orggoldreports	3	13.3657	1.585	1.585	16.5356
131	CPMPEWP	6	12.4912	1.7925	2.2516	16.5353
132	辅助	11	11.0702	2.7322	2.7322	16.5345
133	慢阻肺	581	5.9976	6.4537	4.0746	16.526
134	替代	10	10.8296	2.8464	2.8464	16.5225
135	遗传	11	11.3698	2.914	2.2313	16.515
136	密切	6	12.3213	2.585	1.585	16.4912
137	下降	37	7.9982	3.8792	4.6077	16.4851
138	highintensity	4	12.9733	2.0	1.5	16.4733
139	寒冷	4	12.9733	1.5	2.0	16.4733
140	监测	18	8.9357	3.8366	3.6835	16.4558
141	悬浮	3	13.9506	0.9183	1.585	16.4539
142	增加	74	6.5974	4.9925	4.8598	16.4496
143	线胸片	10	10.8706	3.1219	2.4464	16.439
144	气道	79	6.3186	4.8665	5.247	16.432
145	黏液高分泌	9	11.3657	2.4194	2.6416	16.4266
146	世界	6	12.9062	2.2516	1.2516	16.4095
147	扫描	6	12.9062	1.585	1.9183	16.4095
148	方案	58	8.8525	2.7722	4.769	16.3938
149	分析	25	8.3827	3.5239	4.4839	16.3904
150	吸入	141	6.5281	5.7972	4.052	16.3773
151	事件	18	10.3557	2.7029	3.3083	16.3668
152	sleepapnea	4	14.0437	0.8113	1.5	16.355
153	方面	30	7.9015	4.1614	4.2817	16.3446
154	康复	63	8.3352	3.361	4.6427	16.3389
155	longterm	6	11.4588	2.2516	2.585	16.2954
156	干预	36	8.4994	3.8016	3.9886	16.2895
157	全身	28	8.5565	4.2534	3.4758	16.2857
158	麻疹	3	13.7807	0.9183	1.585	16.284
159	广泛	9	10.6652	2.9477	2.6416	16.2545
160	咨询	3	13.0437	1.585	1.585	16.2137
161	负荷	7	11.1562	2.2359	2.8074	16.1995
162	负担	19	10.8192	1.6282	3.7216	16.169
163	气流受限	49	7.0864	4.6805	4.4008	16.1676
164	沙星	8	11.8738	2.0	2.25	16.1238
165	王辰	5	12.2782	1.9219	1.9219	16.122
166	文献	19	9.9924	3.1084	3.0031	16.1039
167	修订版指南	18	9.2182	3.5305	3.3502	16.0989
168	培训	12	10.4369	2.6258	3.0221	16.0848
169	判断	13	9.3519	3.5466	3.1808	16.0793
170	说明	22	9.0356	3.0717	3.9706	16.0779
171	罗氟司特	15	9.2467	2.9232	3.9069	16.0768
172	领域	9	12.6652	1.7527	1.6577	16.0757
173	初始	22	10.1368	3.9706	1.9658	16.0732
174	然而	16	8.6099	4.0	3.4528	16.0628
175	mildtomoderate	4	13.0437	1.5	1.5	16.0437
176	lungcancer	12	10.3433	2.8454	2.8454	16.034
177	注意	31	9.1462	2.81	4.0668	16.023
178	心律失常	21	8.3977	3.7257	3.8802	16.0035
179	我国	35	8.116	4.1859	3.7014	16.0033
180	管理	75	6.6642	4.0818	5.2433	15.9893
181	焦虑和抑郁	4	11.9733	2.0	2.0	15.9733
182	运动能力	13	8.8794	3.5466	3.5466	15.9725
183	异常	33	7.2387	4.2565	4.4761	15.9713
184	布地奈德	5	12.1177	1.9219	1.9219	15.9616
185	厄多司坦	3	12.7807	1.585	1.585	15.9506
186	福莫特罗	9	10.6932	2.9477	2.281	15.922
187	弥散	10	12.1798	2.8464	0.8813	15.9075
188	规范	12	9.6332	3.1887	3.085	15.9069
189	早期	41	7.6377	4.2352	4.0251	15.898
190	支气管舒张剂	66	8.3873	3.2138	4.2937	15.8948
191	甚至	6	10.7218	2.585	2.585	15.8917
192	沙丁胺醇	5	12.0437	1.9219	1.9219	15.8876
193	积极	9	10.2137	2.9477	2.7255	15.8868
194	依据	16	8.2601	3.75	3.875	15.8851
195	crossover	5	13.8802	1.0	1.0	15.8802
196	lungfunction	12	9.6063	3.2516	3.0221	15.88
197	浸润	4	13.5583	0.8113	1.5	15.8696
198	介绍	4	12.3433	2.0	1.5	15.8433
199	职业	8	12.2888	2.25	1.2988	15.8376
200	负责	7	10.5041	2.5216	2.8074	15.8331
201	positivepressure	3	13.3068	1.585	0.9183	15.81
202	稳定期	48	7.6756	4.6211	3.5042	15.8009
203	尼古丁	5	12.9062	1.9219	0.971	15.7991
204	lowdose	3	12.6287	1.585	1.585	15.7986
205	托溴铵	13	11.3519	0.8905	3.5466	15.7889
206	王凤燕张冬莹	4	12.2782	2.0	1.5	15.7782
207	内容	26	8.3752	2.9587	4.4406	15.7746
208	依赖	7	10.7177	2.5216	2.5216	15.761
209	精神	6	12.3657	1.9183	1.4591	15.7431
210	意义	17	8.8644	2.8895	3.9698	15.7238
211	严重程度	49	8.0015	3.6177	4.1042	15.7234
212	乙酰	7	12.9062	1.9502	0.8631	15.7196
213	ERSPH指南	3	13.1957	0.9183	1.585	15.699
214	populationbased	4	12.8738	0.8113	2.0	15.6851
215	显示	28	8.8332	2.6782	4.1645	15.6759
216	世界卫生组织	4	12.6652	1.5	1.5	15.6652
217	肺功能	148	5.4938	5.5504	4.6196	15.6638
218	检测	21	7.3899	4.0707	4.2018	15.6624
219	合并症	62	6.9825	4.1621	4.5175	15.6621
220	维持	31	8.8381	4.1069	2.6961	15.6411
221	蛋白	16	10.7639	2.7806	2.0919	15.6364
222	燃料	9	11.8213	1.8366	1.9749	15.6329
223	远程	18	8.637	3.7947	3.1972	15.6288
224	metaanalysis	10	11.7807	2.161	1.6855	15.6271
225	燃烧	5	12.5583	1.5219	1.5219	15.6022
226	装置	36	10.7331	1.3198	3.5358	15.5886
227	noninvasive	7	13.588	1.0	1.0	15.588
228	formoterolfumarate	4	12.5843	1.5	1.5	15.5843
229	落实	8	10.0664	2.75	2.75	15.5664
230	贡献	5	11.7218	1.5219	2.3219	15.5657
231	基础	31	9.0466	3.4686	3.0412	15.5564
232	减轻	20	8.1572	4.0219	3.371	15.5501
233	干预措施	9	9.7218	2.6416	3.1699	15.5333
234	首选	15	8.9106	2.9559	3.6402	15.5067
235	糖皮质激素	30	8.7715	2.5431	4.1899	15.5045
236	尤其是	18	7.8561	4.0588	3.5724	15.4873
237	不良反应	26	7.653	3.6235	4.2099	15.4864
238	司坦	8	11.0803	1.4056	3.0	15.4859
239	变化	33	7.1611	3.8318	4.4879	15.4808
240	systemicinflammation	3	12.3068	1.585	1.585	15.4767
241	它们	6	10.9733	2.2516	2.2516	15.4766
242	阿奇	6	12.9062	1.9183	0.65	15.4745
243	inhaledcorticosteroids	4	11.9733	2.0	1.5	15.4733
244	工作	20	8.4402	3.7219	3.3087	15.4709
245	社区	11	9.7087	3.2776	2.4817	15.4681
246	进展	47	7.5931	2.8261	5.0279	15.4471
247	基层医疗机构	14	9.1368	3.182	3.1281	15.4469
248	CPMPICH	4	11.4468	2.0	2.0	15.4468
249	刺激	11	9.6817	2.6635	3.0958	15.441
250	啰音	3	12.9062	0.9183	1.585	15.4095
251	李姝润	3	12.9062	0.9183	1.585	15.4095
252	修订版	29	9.6359	3.5723	2.2008	15.409
253	胸部	16	8.1249	3.7028	3.5778	15.4055
254	双盲	6	10.8953	2.2516	2.2516	15.3986
255	困难	105	9.494	0.6172	5.2796	15.3907
256	ICSLABA	22	7.6652	3.8454	3.8797	15.3902
257	开展	14	8.6175	3.5216	3.2359	15.375
258	弥漫	4	12.5583	2.0	0.8113	15.3696
259	受体激动剂	27	8.5328	2.7279	4.1064	15.367
260	组织	13	9.7958	2.3158	3.2389	15.3505
261	团队	8	12.4953	1.5488	1.2988	15.3429
262	例如	14	8.1534	3.6645	3.5216	15.3396
263	采取	8	9.581	2.75	3.0	15.331
264	JEurRespirJ	29	7.0303	4.3197	3.9783	15.3283
265	基层	44	8.8958	4.8148	1.6142	15.3248
266	noninvasivepositive	3	12.8213	1.585	0.9183	15.3246
267	资料	5	11.0803	1.9219	2.3219	15.3241
268	探讨	4	11.3213	2.0	2.0	15.3213
269	obstructivepulmonarydisease	93	8.7122	2.4071	4.2009	15.3202
270	inpatientswith	30	7.6532	4.5232	3.1424	15.3188
271	频繁	8	10.9103	2.4056	2.0	15.316
272	常规	25	7.3378	3.8937	4.0839	15.3153
273	exercisecapacity	3	12.1433	1.585	1.585	15.3132
274	稳定	65	8.5688	4.8975	1.8249	15.2912
275	chronicobstructive	116	8.6723	4.1566	2.4569	15.2858
276	储物罐	3	12.7807	0.9183	1.585	15.284
277	绞痛	6	12.0437	0.65	2.585	15.2787
278	更新	37	7.7277	4.2266	3.3147	15.269
279	手术	11	8.6932	3.2776	3.2776	15.2485
280	高碳酸血症	15	7.8738	3.7736	3.5899	15.2373
281	pMDISMI	7	10.1787	2.5216	2.5216	15.2219
282	报告	7	11.7136	2.1281	1.3788	15.2204
283	清晰	3	12.0437	1.585	1.585	15.2137
284	本文	15	8.5139	3.7736	2.9232	15.2107
285	至少	15	8.0588	3.5069	3.6402	15.2059
286	支持	27	6.8351	3.9121	4.4586	15.2058
287	fumaratemetereddose	3	13.3657	0.9183	0.9183	15.2022
288	识别	14	8.3921	3.4677	3.3249	15.1846
289	patientswith	52	8.8017	2.7532	3.6294	15.1842
290	支气管扩张	28	8.6963	3.8198	2.6624	15.1785
291	编辑崔莎	3	12.6652	0.9183	1.585	15.1685
292	生活质量	19	8.1167	3.0106	4.0374	15.1647
293	clinicalpractice	4	11.6514	2.0	1.5	15.1514
294	总体来说	4	11.1368	2.0	2.0	15.1368
295	黏膜	6	10.6287	2.2516	2.2516	15.1319
296	技巧	4	11.6108	1.5	2.0	15.1108
297	焦虑	14	9.5202	3.3249	2.2638	15.1088
298	功能	216	7.4708	2.409	5.2229	15.1027
299	委员会	14	9.2108	2.217	3.6645	15.0924
300	灵敏	4	12.2782	2.0	0.8113	15.0895
301	雾化器	8	9.5712	2.75	2.75	15.0712
302	反映	8	9.5664	2.75	2.75	15.0664
303	缓解	13	9.3519	3.2389	2.4697	15.0604
304	模拟	4	12.5583	1.0	1.5	15.0583
305	肺功能检查	42	5.9397	4.2958	4.8146	15.0501
306	心力衰竭	22	8.3393	3.1747	3.5338	15.0477
307	预后	31	6.5558	4.1682	4.3203	15.0443
308	外周	19	8.9585	3.9321	2.1398	15.0305
309	处理	20	8.2808	3.1087	3.6219	15.0115
310	起始	17	8.9024	3.6901	2.4165	15.009
311	参考	29	8.2507	3.8095	2.942	15.0021
312	手口协	12	10.7027	3.085	1.2075	14.9952
313	教授	8	10.9394	2.75	1.2988	14.9882
314	广州	14	10.8876	2.8352	1.2638	14.9867
315	反应	60	6.985	2.9425	5.0566	14.984
316	resultsfrom	4	12.4588	0.9183	1.585	14.962
317	空气污染	12	9.8072	2.4591	2.6887	14.9551
318	placebocontrolled	5	10.7103	1.9219	2.3219	14.9542
319	应用	61	4.7193	5.2566	4.9776	14.9536
320	支气管	150	7.8786	4.548	2.5232	14.9498
321	水肿	10	9.166	2.4464	3.3219	14.9344
322	免疫调节	4	10.9227	2.0	2.0	14.9227
323	pulmonarydisease	124	8.7678	1.8847	4.2676	14.9201
324	平滑肌	6	10.0772	2.2516	2.585	14.9138
325	systematicreview	12	11.6932	1.8676	1.3486	14.9095
326	randomisedcontrolled	10	10.4208	2.3219	2.161	14.9037
327	季节	5	10.6597	1.9219	2.3219	14.9035
328	咳痰	18	8.8953	2.7448	3.2608	14.901
329	地区	11	8.7087	2.914	3.2776	14.9003
330	Globalstrategy	5	11.8547	2.3219	0.7219	14.8986
331	httpwww	6	12.4428	1.7925	0.65	14.8853
332	合并	115	7.1615	4.777	2.9334	14.8719
333	影像	12	9.5637	2.8554	2.4508	14.8699
334	纤毛	6	11.8213	1.7925	1.2516	14.8654
335	颗粒	10	10.7807	2.1219	1.961	14.8636
336	格隆溴铵	8	11.2888	1.0613	2.5	14.8501
337	鉴别诊断	10	9.5583	2.161	3.1219	14.8412
338	规律	13	8.9227	2.5074	3.3927	14.8228
339	inthe	24	6.3175	4.4183	4.085	14.8208
340	配备	5	11.1253	1.371	2.3219	14.8182
341	作用	62	5.8541	4.3717	4.5883	14.8142
342	足够	8	10.1513	2.25	2.4056	14.807
343	遵循	8	12.1957	1.0613	1.5488	14.8058
344	痰液	10	8.3567	3.3219	3.1219	14.8005
345	低氧血症	15	7.6932	3.4566	3.6402	14.79
346	小气道	12	7.9464	3.4183	3.4183	14.783
347	其它	13	8.2062	3.1808	3.3927	14.7798
348	利益冲突	4	11.2782	1.5	2.0	14.7782
349	年龄	20	8.2335	3.6219	2.9219	14.7774
350	目标	24	7.6722	3.2662	3.835	14.7733
351	隆寰宇	4	12.4588	0.8113	1.5	14.77
352	流行病学	11	8.4648	3.2776	3.0272	14.7696
353	定义	20	7.5909	3.3842	3.7842	14.7592
354	慢阻肺病	166	4.8894	5.5244	4.3423	14.7561
355	尚未	9	9.3757	2.9477	2.4194	14.7428
356	公认	7	11.0697	2.5216	1.1488	14.7402
357	接种	25	7.606	3.0751	4.0537	14.7347
358	祛痰	6	10.5583	1.9183	2.2516	14.7282
359	Email	24	10.9993	2.8567	0.8659	14.7218
360	蛋白酶	9	11.2137	1.4466	2.0588	14.7191
361	tripletherapy	5	10.8738	1.9219	1.9219	14.7177
362	吸烟	71	5.7459	5.2446	3.727	14.7175
363	严重	100	7.0197	4.9047	2.7795	14.704
364	moderatetosevere	3	12.1957	1.585	0.9183	14.699
365	沙美特罗	4	10.6932	2.0	2.0	14.6932
366	杂志	82	9.6639	1.908	3.119	14.6908
367	参考文献	6	9.8447	2.2516	2.585	14.6813
368	职业性粉尘	4	12.6652	1.0	1.0	14.6652
369	指标	26	6.3983	3.7155	4.5466	14.6604
370	电子	6	10.6152	2.2516	1.7925	14.6593
371	证据	26	7.7702	3.1189	3.7672	14.6563
372	提示	14	7.8635	3.4677	3.3249	14.6561
373	姑息	5	11.6108	2.3219	0.7219	14.6546
374	糠酸氟替卡松	4	11.8421	2.0	0.8113	14.6534
375	reductionsurgery	3	12.1433	0.9183	1.585	14.6465
376	Setal	20	6.3368	4.3219	3.9842	14.6429
377	无创	24	9.1417	3.8554	1.6432	14.6402
378	静息	6	9.8034	2.585	2.2516	14.64
379	LAMALABA	21	7.9078	3.749	2.9803	14.6371
380	日常生活	7	9.588	2.5216	2.5216	14.6313
381	胸闷	6	10.5843	2.2516	1.7925	14.6284
382	三联疗法	6	10.5843	1.4591	2.585	14.6284
383	associatedwith	10	8.9733	2.5219	3.1219	14.6172
384	结果	38	7.5569	3.5391	3.4884	14.5845
385	百分比	9	9.9657	1.4466	3.1699	14.5823
386	机制	25	7.6314	2.8507	4.0995	14.5815
387	发作	45	6.0579	4.4081	4.1023	14.5683
388	近年来	8	9.3984	2.75	2.4056	14.5541
389	编辑	6	12.4428	0.65	1.4591	14.552
390	respiratorydiseases	4	12.2364	0.8113	1.5	14.5477
391	眠呼吸暂停	3	12.0437	0.9183	1.585	14.547
392	骤停	3	12.0437	0.9183	1.585	14.547
393	左氧氟沙星	3	12.0437	1.585	0.9183	14.547
394	additiontotiotropiumversus	3	12.0437	1.585	0.9183	14.547
395	郑劲平	5	10.2996	2.3219	1.9219	14.5434
396	特罗	31	8.5285	2.2039	3.8087	14.5411
397	横径	3	11.3657	1.585	1.585	14.5356
398	纵向	3	11.3657	1.585	1.585	14.5356
399	KOVACSG	3	11.3657	1.585	1.585	14.5356
400	清楚	4	11.7218	0.8113	2.0	14.5331
401	并发症	17	7.2064	3.8522	3.4548	14.5134
402	恶化	12	8.2351	3.0221	3.2516	14.5088
403	心血管	38	7.6903	3.8586	2.9569	14.5059
404	缩唇	5	11.4588	2.3219	0.7219	14.5026
405	NEnglJMed	16	9.6008	1.5059	3.3927	14.4994
406	体重指数	14	8.5657	2.6924	3.2359	14.494
407	和或	54	3.9857	5.3195	5.1854	14.4906
408	污染	20	9.8523	1.3918	3.2464	14.4905
409	表现为	14	7.3	3.5216	3.6645	14.4861
410	长期规律	6	9.3104	2.585	2.585	14.4803
411	versusdual	3	11.3068	1.585	1.585	14.4767
412	functiontrajectories	3	11.3068	1.585	1.585	14.4767
413	右心室	6	9.9733	2.585	1.9183	14.4766
414	专家共识	7	10.5006	1.8424	2.1281	14.471
415	pressureventilation	3	12.6287	0.9183	0.9183	14.4653
416	胃肠	3	11.9506	1.585	0.9183	14.4539
417	超过	12	8.2817	2.9183	3.2516	14.4517
418	茚达特罗	5	10.2078	2.3219	1.9219	14.4517
419	简称	20	10.7958	1.8219	1.8332	14.4509
420	西林	4	11.4468	1.5	1.5	14.4468
421	描述	4	10.4468	2.0	2.0	14.4468
422	原则	48	8.8343	1.5668	4.0433	14.4444
423	不良	50	7.869	4.1504	2.4032	14.4226
424	骨骼肌	5	10.7218	2.3219	1.371	14.4147
425	柴草	4	11.9062	1.0	1.5	14.4062
426	手口协调不佳	4	10.9062	1.5	2.0	14.4062
427	疫苗接种	10	9.3884	2.371	2.6464	14.4058
428	容积	10	8.8296	2.6464	2.9219	14.398
429	inpatients	42	7.4816	4.9098	1.9904	14.3818
430	氟替卡松	6	11.6652	0.9183	1.7925	14.376
431	验证	16	7.8899	3.4528	3.0306	14.3734
432	队列	5	11.0803	1.9219	1.371	14.3731
433	表现	31	7.6504	3.8331	2.8878	14.3713
434	借助	3	11.1957	1.585	1.585	14.3657
435	上述	10	8.3213	3.1219	2.9219	14.3651
436	studyJ	32	6.6379	4.125	3.6009	14.3639
437	球菌疫苗	10	10.5583	1.1568	2.6464	14.3615
438	民卫生出版社	6	11.4588	0.65	2.2516	14.3604
439	短效	26	7.9132	3.3826	3.0545	14.3503
440	深圳市	4	11.8421	1.0	1.5	14.3421
441	JThorax	17	6.7958	3.8522	3.6901	14.3381
442	全球	21	8.1414	3.1914	3.0009	14.3337
443	林克拉	3	12.4912	0.9183	0.9183	14.3278
444	程度	79	7.0704	2.4594	4.7956	14.3254
445	Generalpractitioners	3	11.8213	0.9183	1.585	14.3246
446	机构	31	9.0572	1.2891	3.9747	14.321
447	仪器	8	10.8343	1.0613	2.4056	14.3012
448	危及生命	6	9.9227	2.585	1.7925	14.3002
449	专家	17	9.1993	2.6601	2.4404	14.2998
450	粉尘	6	11.7907	0.9183	1.585	14.294
451	治疗方案	32	6.3939	3.5747	4.3247	14.2933
452	针对	17	7.7622	3.8522	2.6757	14.2901
453	产生	18	7.9012	3.3083	3.0782	14.2877
454	认识	9	9.2193	2.4194	2.6416	14.2803
455	疑似	4	10.2782	2.0	2.0	14.2782
456	培养	5	10.4302	1.9219	1.9219	14.2741
457	知识	7	9.3307	2.1281	2.8074	14.2661
458	损害	8	9.9669	1.5488	2.75	14.2657
459	常见	42	7.5179	4.0197	2.7231	14.2607
460	二氧化碳	5	10.0152	2.3219	1.9219	14.259
461	一个	24	6.0325	3.8035	4.4183	14.2543
462	肿瘤	4	10.7509	2.0	1.5	14.2509
463	基础上	14	8.3119	2.2608	3.6645	14.2372
464	doubleblindparallel	4	11.9062	1.5	0.8113	14.2175
465	纠正	3	11.0437	1.585	1.585	14.2137
466	白酶	12	10.4192	1.2075	2.585	14.2117
467	罗氟	18	10.1627	3.2391	0.8031	14.2049
468	越来越	3	12.3657	0.9183	0.9183	14.2022
469	疾病进展	19	6.9401	3.5369	3.7216	14.1986
470	分级	26	6.5285	3.8693	3.7962	14.194
471	超声心动图	4	10.6932	1.5	2.0	14.1932
472	奥达特罗	4	10.6932	2.0	1.5	14.1932
473	中华	93	7.4362	5.0153	1.7367	14.1882
474	莫西	5	11.1407	1.5219	1.5219	14.1845
475	jissn	26	9.1957	2.5412	2.4416	14.1786
476	中国	64	6.2846	4.4059	3.4821	14.1725
477	卫生	28	8.0439	2.8103	3.3118	14.1661
478	附属	23	11.1013	1.1492	1.9124	14.1629
479	近亿	4	11.8421	0.8113	1.5	14.1534
480	失衡	9	9.5328	1.4466	3.1699	14.1493
481	联合	31	7.116	3.8984	3.1307	14.1451
482	全科医生	15	7.0976	3.5899	3.4566	14.1441
483	慢阻肺患者	69	4.2474	4.7615	5.1352	14.144
484	每年	12	7.8069	3.085	3.2516	14.1435
485	手口协调	9	9.6652	2.7255	1.7527	14.1434
486	randomizedcontrolled	6	9.9733	1.9183	2.2516	14.1433
487	提出了	7	9.0962	2.5216	2.5216	14.1395
488	高血压	8	8.3819	3.0	2.75	14.1319
489	chronicobstructivepulmonary	78	8.5357	4.0595	1.5269	14.1222
490	收缩	5	9.8738	1.9219	2.3219	14.1177
491	实施	10	8.2729	2.9219	2.9219	14.1168
492	休息	3	11.6108	1.585	0.9183	14.114
493	肺气肿	29	5.8972	4.1683	4.0473	14.1128
494	安慰剂	11	8.5328	3.2776	2.2999	14.1103
495	lungvolumereduction	5	10.6652	1.9219	1.5219	14.1091
496	抗菌	36	8.165	4.2255	1.7087	14.0992
497	克拉	4	11.7807	0.8113	1.5	14.092
498	经济	8	9.7769	2.5	1.8113	14.0882
499	深圳	5	11.8421	1.5219	0.7219	14.086
500	LABAICS	17	7.2932	3.1019	3.6901	14.0852
