排名	词语	全局频次	共现种子种类	共现总权重	得分	主要共现种子
1	肺急	68	31	352.17	181.8753	住院(44.2), 患者(27.3), 治疗(26.6), 危险因素(17.6), 支气管舒张剂(16.8)
2	肺急性	66	26	283.14	146.8861	住院(35.4), 患者(27.3), 治疗(20.0), 危险因素(17.6), 合并(14.3)
3	度的	20	24	200.27	127.311	支气管扩张(17.4), 患者(13.7), 发作(12.1), 报告(11.7), 损害(10.0)
4	阻肺急	67	23	219.33	124.0881	治疗(20.0), 危险因素(17.6), 支气管舒张剂(16.8), 症状(14.7), 避免(11.6)
5	的急	17	21	192.98	110.6232	风险(17.8), 严重(14.0), 胃肠(12.0), 频繁(10.9), 衰竭(10.4)
6	慢阻肺急	63	20	189.76	105.02	治疗(20.0), 支气管舒张剂(16.8), 症状(14.7), 避免(11.6), 简称(10.8)
7	的合	15	20	182.57	104.2514	常见(22.6), 严重(14.0), 患者(13.7), 疾病(13.2), 慢阻肺(12.0)
8	者应	19	20	170.5	102.8917	危险因素(17.6), 医院(14.0), 治疗(13.3), 采取(9.6), 住院(8.8)
9	中华结	58	16	547.21	100.9066	呼吸(391.8), 指南(33.1), 专家共识(21.0), 急性加重(14.2), 修订版(9.6)
10	华结	58	16	547.21	100.9066	呼吸(391.8), 指南(33.1), 专家共识(21.0), 急性加重(14.2), 修订版(9.6)
11	素的	15	19	174.04	98.1348	干预(17.0), 患者(13.7), 治疗(13.3), 密切(12.3), 务人员(11.2)
12	的一	13	19	169.52	97.6381	基础(18.1), 治疗(13.3), 疾病(13.2), 免疫调节(10.9), 肌肉(10.7)
13	导致的	11	18	162.59	91.753	因素(15.2), 输送(14.4), 寒冷(13.0), 抑郁(11.3), 哮喘(11.2)
14	致的	13	18	162.59	91.753	因素(15.2), 输送(14.4), 寒冷(13.0), 抑郁(11.3), 哮喘(11.2)
15	疗中	14	17	181.33	88.4993	承担(35.3), 感染(18.2), 分级(13.1), 奥达特罗(10.7), 祛痰(10.6)
16	阻肺急性	65	17	150.3	85.3278	危险因素(17.6), 治疗(13.3), 简称(10.8), 近年来(9.4), 重度(9.2)
17	的合并	13	17	150.01	85.2949	严重(14.0), 患者(13.7), 疾病(13.2), 慢阻肺(12.0), 给予(10.8)
18	的人	10	17	145.59	84.7904	越来越(12.4), 深圳市(11.8), 暴露(11.2), 获益(10.5), 慢阻肺病(9.8)
19	理的	13	17	137.36	83.8081	疾病(13.2), 注意事项(10.5), 居家(9.7), 规范(9.6), 日常生活(9.6)
20	和慢	12	16	171.36	82.3935	感染(18.2), 支气管(15.8), 症状(14.7), 急性加重(14.2), 合并症(14.0)
21	的健	11	16	171.22	82.3802	问卷(18.6), 修订版指南(18.4), SARSCoV(14.0), 患者(13.7), 领域(12.7)
22	应对	12	16	146.69	79.9222	患者(20.5), 方案(17.7), 任何(10.6), 死亡(10.1), 维持(8.8)
23	率的	11	16	144.46	79.6782	升高(14.1), 中国(12.6), 发作(12.1), 吸烟(11.5), 试验(10.0)
24	严重的	14	16	141.28	79.3249	呼吸困难(15.3), 合并症(14.0), 胸闷(10.6), 损害(10.0), 感觉(8.8)
25	中华结核	58	12	488.08	74.3103	呼吸(391.8), 专家共识(21.0), 修订版(9.6), 检查(8.8), 临床(8.7)
26	华结核	58	12	488.08	74.3103	呼吸(391.8), 专家共识(21.0), 修订版(9.6), 检查(8.8), 临床(8.7)
27	疗可	11	15	127.39	72.8259	患者(13.7), 储物罐(12.8), 蛋白酶(11.2), 家庭(10.2), 疫苗接种(9.4)
28	慢阻肺急性	61	15	126.98	72.7779	治疗(13.3), 简称(10.8), 近年来(9.4), 重度(9.2), 戒烟(8.9)
29	的其	7	15	125.88	72.6491	疾病(13.2), 欧洲(12.7), 环境(11.4), 戒烟(8.9), 住院(8.8)
30	理和	9	14	172.22	72.1638	预防(24.9), 精神(24.7), 诊断(16.4), 全球(16.3), 疾病(13.2)
31	和急	11	14	149.27	70.1742	症状(29.4), 呼吸困难(22.9), 温度(14.8), 衰竭(10.4), 事件(10.4)
32	1慢	11	14	142.15	69.4947	关键(25.8), 急性加重(14.2), Emailzgqkyxchinagpnetcn(10.9), 条件(10.7), 筛查(9.1)
33	的改	9	14	135.94	68.8735	优于单(19.9), 终点(18.4), 症状(14.7), 肌肉(10.7), 经济地位(10.6)
34	的急性	14	14	135.05	68.7818	风险(17.8), 严重(14.0), 胃肠(12.0), 频繁(10.9), 衰竭(10.4)
35	群的	10	14	114.59	66.5003	目标(15.3), 肌肉(10.7), 提供(9.5), 运动(8.4), 心力衰竭(8.3)
36	患者应	16	14	114.2	66.4533	危险因素(17.6), 采取(9.6), 远程(8.6), 预防(8.3), 接种(7.6)
37	者使	7	14	111.59	66.132	装置(10.7), 意愿(9.8), 注意(9.1), 风险(8.9), 戒烟(8.9)
38	的发作	7	14	110.89	66.0447	清楚(11.7), 报告(11.7), 死亡(10.1), 重度(9.2), 抗生素(8.8)
39	和气	10	13	148.55	65.0996	哮喘(22.4), 简称(21.6), 症状(14.7), 反应(14.0), 黏液高分泌(11.4)
40	征的	5	14	96.9	64.1747	事件(10.4), 微生物群(9.2), 临床(8.7), 结果(7.6), 抗菌药物(7.4)
41	的医	9	13	134.76	63.8414	务人员(22.5), 传统(17.8), 条件(10.7), 培训(10.4), 专业(9.7)
42	COPD的	9	13	130.19	63.3963	治疗(20.0), 锻炼(14.0), 报告(11.7), 疑似(10.3), 造成(9.8)
43	的诊	12	13	128.25	63.2026	提供(19.0), 慢阻肺(18.0), 急性加重(14.2), 规范(9.6), 更新要点(9.3)
44	的健康	10	13	126.34	63.0096	修订版指南(18.4), 领域(12.7), 密切(12.3), 障碍(11.3), 教育(10.3)
45	治疗中	11	13	120.3	62.3777	感染(18.2), 奥达特罗(10.7), 祛痰(10.6), 专家共识(10.5), 专家(9.2)
46	疗慢	13	13	116.85	62.0019	急性加重(14.2), 营养(12.1), 溴铵(11.3), 噻托溴铵(11.3), 衰竭(10.4)
47	能的	12	13	114.55	61.7458	下降(16.0), 损伤(10.7), 任何(10.6), 雾化器(9.6), 持续(9.1)
48	疾病对	6	13	114.4	61.7292	患者(13.7), 儿童(12.7), 健康状况(9.8), 日常生活(9.6), 细胞计数(9.3)
49	病对	6	13	114.4	61.7292	患者(13.7), 儿童(12.7), 健康状况(9.8), 日常生活(9.6), 细胞计数(9.3)
50	的合并症	11	13	113.72	61.6529	严重(14.0), 患者(13.7), 疾病(13.2), 给予(10.8), 认识(9.2)
51	效的	10	13	112.96	61.5656	支气管舒张剂(16.8), 暴露(11.2), 所选择的终点(9.9), 污染(9.9), 刺激(9.7)
52	并症的	12	13	112.68	61.5345	处理(16.6), 慢阻肺(12.0), 总体来说(11.1), 禁忌证(9.9), 动脉(8.2)
53	的或	6	13	109.54	61.1695	潜在(15.2), 水平(9.6), 注意(9.1), 持续(9.1), 健康(9.1)
54	的长	6	13	109.34	61.1459	支气管舒张剂(16.8), 免疫(9.9), 调整(9.4), 健康(9.1), 维持(8.8)
55	治疗可	10	13	100.44	60.0526	蛋白酶(11.2), 家庭(10.2), 疫苗接种(9.4), 罗氟司特(9.2), 三联(9.0)
56	以在	5	13	97.38	59.6551	补充(10.2), 社区(9.7), 控制(9.1), 康复(8.3), 下降(8.0)
57	JJ	19	12	140.41	59.4196	pulmonarydisease(26.3), obstructivepulmonarydisease(17.4), noninvasive(13.6), EBOL(12.8), systematicreview(11.7)
58	程度的	11	13	92.2	58.9521	损害(10.0), 临床(8.7), 分析(8.4), 进展(7.6), 定义(7.6)
59	diseasea	16	12	132.14	58.697	randomisedcontrolled(20.8), crosssectional(13.6), studyJ(13.3), populationbased(12.9), doubleblind(12.8)
60	肺急性加	65	12	129.15	58.4242	住院(35.4), 患者(27.3), 风险(8.9), 合并(7.2), 合并症(7.0)
61	吸入性	13	11	186.54	57.5738	糖皮质激素(87.7), 支气管扩张(17.4), 受体激动剂(17.1), 给予(10.8), 口服(9.9)
62	入性	13	11	186.54	57.5738	糖皮质激素(87.7), 支气管扩张(17.4), 受体激动剂(17.1), 给予(10.8), 口服(9.9)
63	常的	8	12	117.97	57.3464	患者(20.5), 反应(14.0), 炎症(11.9), 蛋白(10.8), 引起(9.9)
64	和患	8	12	117.57	57.3057	临床(17.4), 患者(13.7), 报告(11.7), 务人员(11.2), 获益(10.5)
65	院的	8	12	114.65	57.007	患者(20.5), 其他(17.0), 伴有发热(10.9), 基础(9.0), 戒烟(8.9)
66	者在	11	12	112.46	56.7769	临床(17.4), 抗菌治疗(12.2), 暴露(11.2), 条件(10.7), 水平(9.6)
67	的建	6	12	109.01	56.4069	寒冷(13.0), 世界卫生组织(12.7), 引起(9.9), 三联(9.0), 人群(8.9)
68	用或	7	12	108.78	56.3819	联合(21.3), 哮喘(11.2), 口服(9.9), 风险(8.9), 短效(7.9)
69	性疾	8	12	108.27	56.3264	患者(13.7), 一种(12.3), 免疫(9.9), 基础(9.0), 检查(8.8)
70	性疾病	8	12	108.27	56.3264	患者(13.7), 一种(12.3), 免疫(9.9), 基础(9.0), 检查(8.8)
71	病和	10	12	106.96	56.1815	呼吸(13.7), 负担(10.8), 衰竭(10.4), 实验室(10.2), 糖尿(10.2)
72	现的	7	12	106.03	56.0775	任何(21.2), 风险(8.9), 临床(8.7), 支气管扩张(8.7), 体重指数(8.6)
73	性和	10	12	99.32	55.3009	药物(15.4), 操作(8.8), 稳定(8.6), 其他(8.5), 分析(8.4)
74	案的	8	12	98.91	55.2518	EBOL(12.8), 遵循(12.2), 技术(10.1), 工作(8.4), 实施(8.3)
75	疗与	7	12	95.22	54.7996	慢阻肺(12.0), 附属(11.1), 住院(8.8), 危险因素(8.8), 康复(8.3)
76	有呼	9	11	142.65	54.6413	症状(51.4), 疾病(13.2), 疲劳(12.7), 衰竭(10.4), 修订版指南(9.2)
77	的长期	5	12	92.56	54.4634	免疫(9.9), 调整(9.4), 健康(9.1), 维持(8.8), 保持(8.0)
78	患有	8	12	91.45	54.3198	慢阻肺(12.0), 哮喘(11.2), 污染(9.9), 诊断(8.2), 支气管(7.9)
79	的原	7	12	86.25	53.6254	机构(9.1), 基层(8.9), 全球(8.1), 常见(7.5), 急性加重(7.1)
80	肺急性加重	65	11	123.46	53.0641	住院(35.4), 患者(27.3), 风险(8.9), 合并(7.2), 合并症(7.0)
81	的血	5	11	109.26	51.7313	浓度(16.3), 药物(15.4), 睡眠(12.0), 茶碱(10.8), 监测(8.9)
82	疗程	7	11	105.69	51.3692	抗菌(16.3), 至少(16.1), 积极(10.2), 大环内酯类(9.4), 感染(9.1)
83	重和	7	11	98.91	50.6466	合并症(14.0), 频繁(10.9), 疑似(10.3), 感染(9.1), 住院(8.8)
84	核和	59	7	1365.68	50.541	杂志(492.9), 中华(431.3), 呼吸(398.7), 弥漫(12.6), systemicinflammation(12.3)
85	对患	8	11	97.66	50.5085	疾病(13.2), 教育(10.3), 问题(10.1), 健康状况(9.8), 日常生活(9.6)
86	的COPD	5	11	95.76	50.2949	患者(13.7), 公认(11.1), 足够(10.2), 风险(8.9), 指南(8.3)
87	的人群	9	11	95.16	50.2259	越来越(12.4), 暴露(11.2), 获益(10.5), 慢阻肺病(9.8), 心力衰竭(8.3)
88	可使	6	11	93.75	50.0642	弥散(12.2), 黏液高分泌(11.4), 丧失(10.6), 罗氟司特(9.2), 抗生素(8.8)
89	重或	8	11	93.45	50.0286	其他(17.0), 控制(9.1), 住院(8.8), 升级(8.2), 生活质量(8.1)
90	心肺	6	11	91.76	49.8302	风险(17.8), 影像(9.6), 扩张(8.8), 全身(8.6), 康复(8.3)
91	的其他	5	11	89.79	49.5939	疾病(13.2), 环境(11.4), 戒烟(8.9), 住院(8.8), 更新(7.7)
92	的中	7	11	88.63	49.4522	团队(12.5), 重度(9.2), 原则(8.8), 运动(8.4), 高碳酸血症(7.9)
93	是指	7	11	87.85	49.3564	吸入(13.1), 容积(8.8), 支气管舒张剂(8.4), 动脉(8.2), 支气管(7.9)
94	可以在	4	11	87.13	49.2673	补充(10.2), 社区(9.7), 控制(9.1), 康复(8.3), 下降(8.0)
95	方案的	8	11	86.72	49.2155	EBOL(12.8), 技术(10.1), 工作(8.4), 实施(8.3), 改变(7.9)
96	者需	5	11	84.49	48.9326	调整(9.4), 注意(9.1), 筛查(9.1), 运动(8.4), 高碳酸血症(7.9)
97	是对	7	11	84.42	48.9237	既往(11.8), 问题(10.1), 防御(10.0), 其他(8.5), 心血管(7.7)
98	有呼吸	9	10	129.39	48.7054	症状(51.4), 疲劳(12.7), 衰竭(10.4), 修订版指南(9.2), 咳痰(8.9)
99	和急性	9	10	117.71	47.7666	呼吸困难(22.9), 症状(22.0), 温度(14.8), 衰竭(10.4), 事件(10.4)
100	疗或	8	10	115.06	47.5414	治疗(40.0), 联合(14.2), 装置(10.7), 方面(7.9), 改变(7.9)
101	1慢阻	9	10	110.33	47.1249	关键(25.8), 急性加重(14.2), Emailzgqkyxchinagpnetcn(10.9), 条件(10.7), 筛查(9.1)
102	COPD治	21	8	351.59	46.9224	临床(156.9), 药物(138.7), 公认(11.1), 任何(10.6), 修订(10.3)
103	中应	6	10	105.36	46.6687	方案(17.7), 患者(13.7), 恩塞芬汀(12.7), 报告(11.7), 公认(11.1)
104	险和	5	10	101.62	46.3105	住院(17.7), 症状(14.7), 发作(12.1), 获益(10.5), 问题(10.1)
105	和慢阻	9	10	101.06	46.256	症状(14.7), 急性加重(14.2), 合并症(14.0), 技巧(11.6), 糖尿(10.2)
106	和患者	8	10	100.84	46.2336	临床(17.4), 患者(13.7), 报告(11.7), 获益(10.5), 教育(10.3)
107	烟的	5	10	97.42	45.8927	健康(18.1), 既往(11.8), 焦虑抑郁(10.6), 任何(10.6), 采取(9.6)
108	重点	5	10	95.12	45.6559	呼吸困难(15.3), 治疗(13.3), 教育(10.3), 问题(10.1), 基层(8.9)
109	高于	6	10	94.76	45.6181	轨迹(26.1), 正常(14.1), 室内(8.2), 温度(7.4), 气流受限(7.1)
110	年的	7	10	94.56	45.5978	调整(18.7), 原因(12.0), 修订(10.3), 水平(9.6), 基础上(8.3)
111	管的	5	10	93.49	45.4853	务人员(11.2), 依赖(10.7), 经济地位(10.6), 自我(9.2), 健康(9.1)
112	的建议	6	10	92.81	45.4132	寒冷(13.0), 世界卫生组织(12.7), 引起(9.9), 三联(9.0), 人群(8.9)
113	有气	8	10	90.01	45.11	潴留(13.1), 黏液高分泌(11.4), 百分比(10.0), 污染(9.9), 感觉(8.8)
114	时的	6	10	88.76	44.9711	急性加重(14.2), 患者(13.7), 睡眠(12.0), 处理(8.3), 诊断(8.2)
115	有研	8	10	87.9	44.8749	治疗(13.3), 领域(12.7), 争议(9.6), 细胞计数(9.3), 然而(8.6)
116	的支	9	10	87.41	44.8195	痉挛(13.5), 获益(10.5), 戒烟(8.9), 作用机制(8.8), 临床(8.7)
117	疗对	8	10	86.29	44.6926	联合(14.2), 什么(13.8), 抗生素(8.8), 血嗜酸粒细胞(8.5), 舒张剂(8.3)
118	对有	5	10	86.19	44.6808	避免(11.6), 抑郁(11.3), 颗粒(10.8), 咳嗽(10.5), 室内(8.2)
119	疗及	5	10	85.88	44.6454	姑息(11.6), 陈亚红(11.3), 肿瘤(10.8), 临床(8.7), 康复(8.3)
120	JRespirCrit	36	9	141.59	44.6396	obstructivepulmonarydisease(34.8), pulmonarydisease(26.3), chronicobstructivepulmonarydisease(16.9), studyJ(13.3), doubleblind(12.8)
121	可在	4	10	85.15	44.5614	哮喘(11.2), 甚至(10.7), 基层医疗机构(9.1), 起始(8.9), 原则(8.8)
122	压的	5	10	84.65	44.5024	内容(25.1), 说明(9.0), 本文(8.5), 动脉(8.2), 患者(6.8)
123	应是	4	10	84.61	44.4979	吸入(13.1), 领域(12.7), 住院(8.8), 容积(8.8), 针对(7.8)
124	者肺	9	10	81.5	44.1279	慢阻肺(12.0), 球菌疫苗(10.6), 衰竭(10.4), 静息(9.8), 外周(9.0)
125	合并症的	11	10	80.38	43.9918	慢阻肺(12.0), 总体来说(11.1), 处理(8.3), 动脉(8.2), 严重程度(8.0)
126	善的	5	10	80.34	43.9865	随机对照(10.0), 临床(8.7), 开展(8.6), 设计(8.6), 运动(8.4)
127	者使用	6	10	78.27	43.7291	装置(10.7), 风险(8.9), 戒烟(8.9), 支气管(7.9), 每年(7.8)
128	者对	8	10	78.27	43.7287	治疗(13.3), 家庭(10.2), 日常生活(9.6), 评价(8.1), 反应(7.0)
129	疗时	8	10	77.92	43.6842	吸入(13.1), 补充(10.2), 受体激动剂(8.5), 延长(8.1), 雾化(7.7)
130	的时	6	10	77.24	43.5975	密切(12.3), 危险因素(8.8), 基础上(8.3), 至少(8.1), 要求(7.1)
131	结核和	59	6	1353.37	43.2666	杂志(492.9), 中华(431.3), 呼吸(398.7), 弥漫(12.6), 修订版(9.6)
132	佳的	5	10	73.68	43.1317	pMDISMI(10.2), 干预措施(9.7), 提供(9.5), ICSLABA(7.7), 反应(7.0)
133	素和	6	9	100.17	41.5511	环境(22.7), 因素(15.2), 个体(14.0), 口服(9.9), 抗生素(8.8)
134	1慢阻肺	9	9	99.58	41.499	关键(25.8), 急性加重(14.2), Emailzgqkyxchinagpnetcn(10.9), 筛查(9.1), 风险(8.9)
135	重患	13	9	98.25	41.3783	慢阻肺(30.0), 治疗(13.3), 避免(11.6), 方案(8.9), 门诊(7.9)
136	等对	6	9	96.51	41.2195	黏膜(21.3), 支气管(15.8), 因素(15.2), 全球(8.1), 卫生(8.0)
137	致病	6	9	94.7	41.0514	环境(22.7), 常见(15.0), 覆盖了(9.6), 风险(8.9), 危险因素(8.8)
138	疗等	6	9	91.39	40.7345	康复(16.7), 方面(15.8), 锻炼(14.0), 基层(8.9), 依据(8.3)
139	在使	5	9	87.39	40.3362	支气管舒张剂(16.8), 治疗(13.3), 茶碱(10.8), 失败(10.6), 维持(8.8)
140	在使用	5	9	87.39	40.3362	支气管舒张剂(16.8), 治疗(13.3), 茶碱(10.8), 失败(10.6), 维持(8.8)
141	量的	8	9	87.29	40.3252	受体激动剂(17.1), 比值(14.7), 负荷(11.2), FEVFVC(8.9), 抗生素(8.8)
142	到的	5	9	85.16	40.1063	障碍(11.3), 帮助(11.2), 问题(10.1), 试验(10.0), 信息(9.8)
143	对症	5	9	84.65	40.0522	治疗(20.0), 效果(13.8), 反映(9.6), 人群(8.9), 功能(7.5)
144	功能的	10	9	83.73	39.9548	下降(16.0), 损伤(10.7), 雾化器(9.6), 持续(9.1), 全程管理(8.9)
145	者合	8	9	83.6	39.9414	慢阻肺(18.0), 睡眠障碍(10.0), 影像(9.6), 手术(8.7), 高血压(8.4)
146	是肺	7	9	83.41	39.9209	康复(16.7), 鉴别诊断(9.6), 终点(9.2), 注意(9.1), 自我管理(8.9)
147	对患者	8	9	82.79	39.8551	疾病(13.2), 教育(10.3), 问题(10.1), 健康状况(9.8), 日常生活(9.6)
148	查和	7	9	82.49	39.8221	治疗(13.3), 恩塞芬汀(12.7), 问卷(9.3), 健康(9.1), 全身(8.6)
149	查的	6	9	82.29	39.8012	内容(16.8), 早期(15.3), 落实(10.1), 基层(8.9), 更新(7.7)
150	及心	4	9	81.53	39.7188	痉挛(13.5), 营养(12.1), 障碍(11.3), 人群(8.9), 下降(8.0)
151	研究J	4	9	80.93	39.6523	中华(14.9), 衰竭(10.4), 文献(10.0), 杂志(9.7), 影像(9.6)
152	究J	4	9	80.93	39.6523	中华(14.9), 衰竭(10.4), 文献(10.0), 杂志(9.7), 影像(9.6)
153	用支	13	9	80.53	39.609	支气管舒张剂(16.8), 条件(10.7), 咳嗽(10.5), 咳痰(8.9), 方面(7.9)
154	期和	6	9	79.72	39.5185	儿童(12.7), 慢阻肺病(9.8), 缩短(9.3), 人群(8.9), 衰老(8.7)
155	力的	7	9	79.41	39.4848	临床(17.4), 装置(10.7), 日常生活(9.6), 运动(8.4), 依据(8.3)
156	状或	6	9	78.05	39.3311	隐匿(14.8), 健康状况(9.8), 缓解(9.4), 改变(7.9), 呼吸困难(7.6)
157	需与	3	9	77.03	39.2135	慢阻肺(12.0), 死亡(10.1), 终末(9.9), 风险(8.9), 心力衰竭(8.3)
158	研究应	8	9	76.5	39.1524	临床(17.4), 说明(9.0), 作用机制(8.8), 针对(7.8), 药物(7.7)
159	究应	8	9	76.5	39.1524	临床(17.4), 说明(9.0), 作用机制(8.8), 针对(7.8), 药物(7.7)
160	并肺	9	9	76.48	39.1498	慢阻肺病(19.6), 衰竭(10.4), 急性加重(7.1), 合并症(7.0), 患者(6.8)
161	用以	4	9	76.26	39.125	装置(10.7), 推荐次序(10.2), 死亡(10.1), FEVFVC(8.9), 短效(7.9)
162	治疗有	6	9	74.76	38.9486	蛋白酶(11.2), 住院(8.8), 维持(8.8), 显示(8.8), 临床(8.7)
163	疗有	6	9	74.76	38.9486	蛋白酶(11.2), 住院(8.8), 维持(8.8), 显示(8.8), 临床(8.7)
164	其在	5	9	74.56	38.9249	治疗(20.0), 分析(8.4), 诊断(8.2), 药物(7.7), 指导(7.1)
165	或患	6	9	73.73	38.8247	吸入(13.1), 污染(9.9), 意识障碍(9.8), 方案(8.9), 心力衰竭(8.3)
166	推荐的	4	9	73.51	38.7984	指南(16.6), 戒烟(8.9), 减轻(8.2), 呼吸困难(7.6), 患者(6.8)
167	荐的	4	9	73.51	38.7984	指南(16.6), 戒烟(8.9), 减轻(8.2), 呼吸困难(7.6), 患者(6.8)
168	剂的	10	9	73.5	38.7969	基础上(16.6), 家庭(10.2), 临床(8.7), 支气管扩张(8.7), 不良反应(7.7)
169	人群的	7	9	73.45	38.7908	目标(15.3), 心力衰竭(8.3), 严重程度(8.0), 每年(7.8), 死亡率(7.5)
170	治疗与	6	9	73.42	38.7877	慢阻肺(12.0), 附属(11.1), 住院(8.8), 康复(8.3), 针对(7.8)
171	治疗需	5	9	72.57	38.6836	姑息(11.6), 家庭(10.2), 住院(8.8), 人员(8.3), 雾化(7.7)
172	治疗对	7	9	72.09	38.6256	什么(13.8), 抗生素(8.8), 血嗜酸粒细胞(8.5), 舒张剂(8.3), 雾化(7.7)
173	估患	6	9	71.93	38.6056	委员会(9.2), 注意(9.1), 基层医疗机构(9.1), 然而(8.6), 分析(8.4)
174	病学分	14	7	246.15	38.57	中华医学会(106.4), 呼吸(103.1), 组织(9.8), 感染(9.1), 中国(6.3)
175	或合	4	9	70.52	38.4302	蛋白酶(11.2), 哮喘(11.2), 年龄岁(8.7), LABALAMAICS(7.7), ICSLABA(7.7)
176	重大	6	9	70.19	38.3878	修订(10.3), 工作(8.4), 高血压(8.4), 方面(7.9), 产生(7.9)
177	对呼	5	9	68.36	38.1538	问卷(9.3), 人群(8.9), 结局(8.3), 呼吸困难(7.6), 急性加重(7.1)
178	吸入治	7	9	68.11	38.1211	首选(8.9), 住院(8.8), 药物(7.7), 稳定期(7.7), 雾化(7.7)
179	重者	6	9	67.33	38.0188	引起(9.9), 住院(8.8), 心律失常(8.4), 呼吸困难(7.6), 合并(7.2)
180	数的	6	9	65.02	37.7092	任何(10.6), 文献报道(9.0), 预防(8.3), 结果(7.6), 变化(7.2)
181	诊治指	19	7	216.61	37.6791	疾病(118.7), 修订版(38.5), 修订(20.6), 慢阻肺(12.0), 解读(10.6)
182	诊治指南	19	7	216.61	37.6791	疾病(118.7), 修订版(38.5), 修订(20.6), 慢阻肺(12.0), 解读(10.6)
183	状与	5	9	63.74	37.5337	肺功能(11.0), 依据(8.3), 结果(7.6), 温度(7.4), 无创通气(7.0)
184	痰的	4	9	63.32	37.4742	细胞(9.7), 扩张(8.8), 急性加重(7.1), 细菌(7.1), 患者(6.8)
185	在重	4	9	63.04	37.4362	高血压(8.4), 确保(8.2), 高碳酸血症(7.9), 改变(7.9), 结果(7.6)
186	肺中	6	9	58.34	36.7489	下降(8.0), 尤其是(7.9), 症状(7.3), 气流受限(7.1), 治疗(6.7)
187	J中华结	19	8	97.71	36.7372	指南(33.1), 专家共识(21.0), 检查(8.8), 分析(8.4), 药物(7.7)
188	在COPD	4	8	95.32	36.5417	试验(19.9), 临床(17.4), 锻炼(14.0), 营养(12.1), 它们(11.0)
189	肺存	7	8	92.05	36.2647	感染(18.2), 体重指数(17.1), 支持(13.7), 作用(11.7), 委员会(9.2)
190	的改善	5	8	89.29	36.0241	优于单(19.9), 终点(18.4), 症状(14.7), 造成(9.8), 意识(7.7)
191	了慢	7	8	88.76	35.9772	因素(30.5), 气道(12.6), 修订版指南(9.2), 诊断(8.2), 药物(7.7)
192	了慢阻	6	8	88.76	35.9772	因素(30.5), 气道(12.6), 修订版指南(9.2), 诊断(8.2), 药物(7.7)
193	人的	5	8	87.33	35.8488	结果显示(18.4), 密切(12.3), 依赖(10.7), 家庭(10.2), 日常生活(9.6)
194	和一	6	8	86.87	35.8069	人群(17.9), 二氧化(17.8), 健康状况(9.8), 感染(9.1), 风险(8.9)
195	和慢阻肺	9	8	86.39	35.763	症状(14.7), 急性加重(14.2), 合并症(14.0), 技巧(11.6), 糖尿(10.2)
196	和支	6	8	85.08	35.6419	水肿(18.3), 所有(12.1), 吸烟(11.5), 强烈(10.8), 引起(9.9)
197	病风	6	8	84.77	35.6132	心血管(23.1), 更新(15.5), 因素(15.2), 暴露史(8.9), 治疗(6.7)
198	风险的	8	8	80.97	35.2505	急性加重(28.4), 死亡(10.1), 慢阻肺病(9.8), 心血管(7.7), 因素(7.6)
199	者呼	7	8	80.66	35.2208	症状(22.0), 疲劳(12.7), 酸中毒(10.1), 康复(8.3), 减轻(8.2)
200	controlledtrial	12	8	80.63	35.218	doubleblind(12.8), doubleblindparallelgroup(11.7), exercisetraining(11.3), multicentrerandomised(10.9), randomizedcontrolled(10.0)
201	药物治疗的	6	8	80.47	35.202	随访(19.3), 稳定期(15.4), 口服(9.9), 基础上(8.3), 依据(8.3)
202	物治疗的	6	8	80.47	35.202	随访(19.3), 稳定期(15.4), 口服(9.9), 基础上(8.3), 依据(8.3)
203	吸病学分	14	7	149.92	35.1171	中华医学会(106.4), 组织(9.8), 感染(9.1), 呼吸(6.9), 中国(6.3)
204	和咳	4	8	78.17	34.9732	咳嗽(21.0), 呼吸困难(15.3), 咳痰(8.9), 临床(8.7), 合并症(7.0)
205	等的	6	8	75.97	34.7469	浓度(16.3), 钟南山(13.0), 深入探(10.2), 手术(8.7), 干预(8.5)
206	气的	6	8	75.91	34.7412	越来越(12.4), 补充(10.2), pMDISMI(10.2), 禁忌证(9.9), 区域(9.5)
207	是不	5	8	75.78	34.7271	狭窄(14.4), 吸烟(11.5), 它们(11.0), 教育(10.3), 健康(9.1)
208	道的	6	8	75.53	34.7017	狭窄(14.4), 胃肠(12.0), 微生物群(9.2), 全身(8.6), 全球(8.1)
209	的分	7	8	74.58	34.6016	患者(20.5), 慢阻肺(12.0), 简称(10.8), 临床(8.7), 预后(6.6)
210	netcn	18	8	73.91	34.5308	指南(16.6), 解读(10.6), 随访(9.6), patientswith(8.8), chronicobstructivepulmonarydisease(8.5)
211	氧和	4	8	73.52	34.4886	二氧化(17.8), 影像(9.6), 夜间(9.3), 意义(8.9), 运动(8.4)
212	因素的	8	8	73.51	34.4875	干预(17.0), 患者(13.7), 戒烟(8.9), 例如(8.2), 菌感染(7.6)
213	治疗慢	11	8	72.97	34.429	急性加重(14.2), 溴铵(11.3), 噻托溴铵(11.3), 组织(9.8), 栓塞(8.2)
214	重复	6	8	71.6	34.2792	随访(19.3), 回顾(12.5), 药物(7.7), 死亡率(7.5), 治疗(6.7)
215	的医疗	5	8	71.21	34.2362	条件(10.7), 培训(10.4), 专业(9.7), 服务(9.4), 然而(8.6)
216	的诊断	8	8	71.09	34.2238	急性加重(14.2), 慢阻肺(12.0), 更新要点(9.3), 依据(8.3), 诊断(8.2)
217	患者在	7	8	68.69	33.9519	暴露(11.2), 条件(10.7), 临床(8.7), 运动(8.4), 行走(8.3)
218	的作	5	8	66.23	33.6649	范围(11.1), 任何(10.6), 试验(10.0), 分析(8.4), 评价(8.1)
219	的作用	5	8	66.23	33.6649	范围(11.1), 任何(10.6), 试验(10.0), 分析(8.4), 评价(8.1)
220	的气道	6	8	66.21	33.6626	狭窄(14.4), 终末(9.9), 引起(9.9), 功能(7.5), 异常(7.2)
221	的持	5	8	66.09	33.6477	治疗(13.3), 扩张(8.8), 恶化(8.2), 小气道(7.9), 尤其是(7.9)
222	的持续	5	8	66.09	33.6477	治疗(13.3), 扩张(8.8), 恶化(8.2), 小气道(7.9), 尤其是(7.9)
223	中可	6	8	65.86	33.6209	遵循(12.2), 戒烟(8.9), 全程管理(8.9), 工作(8.4), 预防(8.3)
224	性别	6	7	120.2	33.5823	年龄(49.4), 负担(21.6), 疾病(13.2), 慢阻肺(12.0), 杂志(9.7)
225	评估患	6	8	65.1	33.5295	委员会(9.2), 注意(9.1), 基层医疗机构(9.1), 然而(8.6), 分析(8.4)
226	患者使	6	8	64.96	33.5121	装置(10.7), 注意(9.1), 风险(8.9), 支气管(7.9), 异常(7.2)
227	的慢阻肺患	12	8	64.95	33.5111	黏液高分泌(11.4), 疫苗(10.5), 风险(8.9), 呼吸道感染(7.4), 急性加重(7.1)
228	和心	5	8	64.6	33.4692	衰竭(10.4), 心律失常(8.4), 心力衰竭(8.3), 高碳酸血症(7.9), 低氧血症(7.7)
229	2慢	10	8	64.4	33.4439	团队(12.5), 受限(8.5), 诊断(8.2), 进展(7.6), 症状(7.3)
230	或急性	8	8	63.46	33.3279	引起(9.9), 暴露史(8.9), 诊断(8.2), LAMALABA(7.9), ICSLABA(7.7)
231	者治	7	8	63.27	33.3047	急性加重(14.2), 干预(8.5), 呼吸困难(7.6), 症状(7.3), 气流受限(7.1)
232	加以	5	8	63.21	33.2968	文献(10.0), 调整(9.4), 作用机制(8.8), 因素(7.6), 特别是(7.4)
233	估是	4	8	61.62	33.0971	初始(10.1), 风险(8.9), 戒烟(8.9), 依据(8.3), 要求(7.1)
234	的多	4	8	60.59	32.9635	健康(9.1), 全身(8.6), 支气管舒张剂(8.4), 方面(7.9), 表现为(7.3)
235	的高	6	8	59.89	32.8723	控制(9.1), 人群(8.9), 风险(8.9), 因素(7.6), 气流受限(7.1)
236	和改	3	8	59.36	32.8029	预防(8.3), 低氧血症(7.7), 呼吸困难(7.6), 功能(7.5), 特别是(7.4)
237	和改善	3	8	59.36	32.8029	预防(8.3), 低氧血症(7.7), 呼吸困难(7.6), 功能(7.5), 特别是(7.4)
238	COPD患	6	8	58.53	32.6914	任何(10.6), 超过(8.3), 稳定期(7.7), 要求(7.1), 治疗(6.7)
239	COPD患者	6	8	58.53	32.6914	任何(10.6), 超过(8.3), 稳定期(7.7), 要求(7.1), 治疗(6.7)
240	是与	5	8	58.18	32.6449	事件(10.4), 终点(9.2), 患者(6.8), 治疗(6.7), 疾病(6.6)
241	的情	6	8	57.99	32.6186	胆碱(10.6), 处理(8.3), 心血管(7.7), 医院(7.0), 合并症(7.0)
242	严重程度的	7	8	55.79	32.3149	损害(10.0), 定义(7.6), 综合评估(7.5), 气流受限(7.1), 疾病(6.6)
243	重程度的	7	8	55.79	32.3149	损害(10.0), 定义(7.6), 综合评估(7.5), 气流受限(7.1), 疾病(6.6)
244	的抗	6	8	55.67	32.2985	方案(8.9), 作用机制(8.8), 药物(7.7), 合并(7.2), 急性加重(7.1)
245	对重	3	8	55.01	32.2038	检查(8.8), 急性加重(7.1), 程度(7.1), 合并症(7.0), 治疗(6.7)
246	和国	4	7	83.84	31.0855	卫生(16.1), 中华(14.9), 国家(14.6), 负担(10.8), 资源(10.6)
247	因素和	4	7	81.41	30.8817	环境(22.7), 因素(15.2), 个体(14.0), 预后不良(8.6), 常见(7.5)
248	性肺病	27	6	170.51	30.8678	治疗(119.9), 全球(24.4), 患者(6.8), 气流阻塞(6.7), 预后(6.6)
249	和吸	8	7	79.06	30.6791	吸入(19.6), 操作(17.6), 口服(9.9), 糖皮质激素(8.8), 激动剂(8.5)
250	和相	6	7	78.42	30.6234	指导原则(16.9), 依据(16.5), 气流受限(14.2), 区域(9.5), 种族(8.6)
251	治疗或	6	7	76.6	30.4612	治疗(26.6), 联合(14.2), 方面(7.9), 改变(7.9), ICSLABA(7.7)
252	JEurRespir	22	7	75.09	30.3233	inCOPD(16.7), noninvasive(13.6), airflowobstruction(11.8), obstructivepulmonarydisease(8.7), chronicobstructivepulmonarydisease(8.5)
253	者呼吸	7	7	73.57	30.1823	症状(22.0), 疲劳(12.7), 酸中毒(10.1), 康复(8.3), 减轻(8.2)
254	可行	5	7	73.49	30.1746	试验(19.9), 双盲(10.9), 安慰剂对照(10.0), 机构(9.1), 分析(8.4)
255	和管	4	7	73.18	30.1451	预防(16.6), 治疗(13.3), 问题(10.1), 慢阻肺病(9.8), 方案(8.9)
256	构的	5	7	71.12	29.9479	仪器(21.7), 肺功能(11.0), 临床(8.7), 稳定(8.6), 变化(7.2)
257	疗呼	4	7	70.75	29.9123	康复(25.0), 噻托溴铵(11.3), 运动(8.4), 呼吸(6.9), 患者(6.8)
258	病风险	5	7	70.42	29.88	更新(15.5), 心血管(15.4), 因素(15.2), 暴露史(8.9), 制剂(6.3)
259	或呼	4	7	70.0	29.8384	潴留(13.1), 疲劳(12.7), 酸中毒(10.1), 咳嗽咳痰(9.9), 引起(9.9)
260	有多	5	7	68.73	29.7122	危险因素(17.6), 探讨(11.3), 试验(10.0), 手口协调(9.7), 值得(7.7)
261	NEngl	15	7	68.51	29.6904	obstructivepulmonarydisease(17.4), metaanalysis(11.8), 技术(10.1), lungfunction(9.6), chronicobstructivepulmonarydisease(8.5)
262	andmeta	5	7	68.45	29.6839	asystematic(17.8), systematicreview(11.7), lungcancer(10.3), randomizedcontrolled(10.0), JChest(6.7)
263	病学分会	14	6	139.78	29.6834	呼吸(103.1), 组织(9.8), 感染(9.1), 中国(6.3), 慢阻肺(6.0)
264	加重和	6	7	68.3	29.6696	合并症(14.0), 频繁(10.9), 疑似(10.3), 感染(9.1), 住院(8.8)
265	的年	6	7	68.14	29.6533	急性加重(14.2), 锻炼(14.0), 康复(8.3), 年龄(8.2), 诊断(8.2)
266	高压的	4	7	68.08	29.6466	内容(25.1), 说明(9.0), 本文(8.5), 动脉(8.2), 治疗(6.7)
267	发现的	4	7	67.75	29.6136	任何(21.2), 风险(8.9), 其他(8.5), 其它(8.2), 减轻(8.2)
268	和其	4	7	67.07	29.5439	PDE4抑制剂(15.4), 急性加重(14.2), 烟草烟雾(9.0), 上述(8.3), 预防(8.3)
269	治的	6	7	65.93	29.4255	疾病(13.2), 慢阻肺(12.0), 问题(10.1), 关键(8.6), 其他(8.5)
270	患者合	7	7	65.75	29.407	慢阻肺(18.0), 睡眠障碍(10.0), 手术(8.7), 高血压(8.4), 心力衰竭(8.3)
271	治疗期	4	7	65.57	29.3879	LABALAMA(17.0), 随访(9.6), 罗氟司特(9.2), 维持(8.8), 药物(7.7)
272	疗期	4	7	65.57	29.3879	LABALAMA(17.0), 随访(9.6), 罗氟司特(9.2), 维持(8.8), 药物(7.7)
273	应评	6	7	65.38	29.3679	患者(20.5), 戒烟(8.9), 方案(8.9), 抗菌(8.2), 急性加重(7.1)
274	4慢	5	7	64.49	29.2732	输送(14.4), 组织(9.8), 影像(9.6), 胸部(8.1), LAMALABA(7.9)
275	检查和	5	7	64.11	29.233	治疗(13.3), 恩塞芬汀(12.7), 全身(8.6), 其他(8.5), 右心(7.9)
276	属第一	12	6	129.39	29.2232	医院(69.9), 广州(32.7), 国家(7.3), 呼吸(6.9), 治疗(6.7)
277	吸烟的	3	7	63.82	29.2009	既往(11.8), 焦虑抑郁(10.6), 任何(10.6), 健康(9.1), 尤其是(7.9)
278	者不	7	7	63.68	29.1864	常规(14.7), 缺乏(10.8), 意识障碍(9.8), 问卷(9.3), 低氧血症(7.7)
279	应确	3	7	63.46	29.1618	寒冷(13.0), 季节(10.7), 试验(10.0), 安全性数据(9.5), 定义(7.6)
280	住院的	4	7	63.33	29.1484	患者(13.7), 伴有发热(10.9), 戒烟(8.9), 其他(8.5), 心力衰竭(8.3)
281	疗慢阻	8	7	63.32	29.1466	急性加重(14.2), 营养(12.1), 组织(9.8), 栓塞(8.2), 保持(8.0)
282	有研究	7	7	63.22	29.1365	治疗(13.3), 领域(12.7), 争议(9.6), 然而(8.6), 提示(7.9)
283	导和	3	7	62.82	29.093	患者(13.7), 负责(10.5), 教育(10.3), 论文(8.4), 定期随访(7.8)
284	性或	3	7	62.74	29.0841	职业(12.3), 环境(11.4), 问题(10.1), 收缩(9.9), 控制(9.1)
285	更有	5	7	61.55	28.9513	轨迹(13.0), 信息(9.8), 水平(9.6), 减轻(8.2), 急性加重(7.1)
286	示肺	3	7	61.47	28.9423	浸润(13.6), 线胸片(10.9), 准确地(9.9), 异常(7.2), 变化(7.2)
287	使用支	12	7	61.15	28.9072	支气管舒张剂(16.8), 条件(10.7), 方面(7.9), 功能(7.5), 患者(6.8)
288	者数	6	6	122.69	28.9066	近亿(35.5), 我国(24.3), 每年(23.4), 超过(16.6), 慢阻肺(12.0)
289	者或	5	7	60.95	28.8839	既往(11.8), 损伤(10.7), 罕见(9.9), 住院(8.8), 急性加重(7.1)
290	作用的	5	7	60.84	28.8714	结果(15.1), 支气管扩张(8.7), 确保(8.2), 共同(8.0), 药物(7.7)
291	剂或	3	7	60.61	28.8455	长效(14.0), 扩张(8.8), 糖皮质激素(8.8), 支气管扩张(8.7), 激动剂(8.5)
292	心的	3	7	60.41	28.8233	获益(10.5), 占预计值(9.7), 提供(9.5), 康复(8.3), 高碳酸血症(7.9)
293	的方	6	7	60.03	28.7791	遵循(12.2), 家庭(10.2), 运动能力(8.9), 运动(8.4), 支气管(7.9)
294	中医	4	7	60.02	28.7786	治疗(13.3), 文献(10.0), 杂志(9.7), 原则(8.8), 国家(7.3)
295	对疾	4	7	59.9	28.7645	什么(13.8), 临床(8.7), 漏诊(8.4), 严重程度(8.0), 综合评估(7.5)
296	对疾病	4	7	59.9	28.7645	什么(13.8), 临床(8.7), 漏诊(8.4), 严重程度(8.0), 综合评估(7.5)
297	受LABA	5	7	59.9	28.7645	试验(10.0), 数字(9.4), 罗氟司特(9.2), 自我管理(8.9), 血嗜酸粒细胞(8.5)
298	为重	5	7	59.8	28.7536	教育(10.3), 基层(8.9), 原则(8.8), 临床(8.7), 栓塞(8.2)
299	3慢	5	7	59.64	28.735	修订版(9.6), 风险(8.9), 衰老(8.7), 心律失常(8.4), 预防(8.3)
300	选的	3	7	59.63	28.7338	患者(13.7), 衰竭(10.4), 方案(8.9), 呼吸(6.9), 支持(6.8)
301	或患者	5	7	59.57	28.7271	吸入(13.1), 意识障碍(9.8), 方案(8.9), 心力衰竭(8.3), 合并(7.2)
302	疗3	3	7	59.44	28.7119	恩塞芬汀(12.7), FEVFVC(8.9), 维持(8.8), 支气管舒张剂(8.4), 依据(8.3)
303	并进	3	7	59.28	28.6927	密切(12.3), 技术(10.1), 随访(9.6), 处理(8.3), 吸入(6.5)
304	并进行	3	7	59.28	28.6927	密切(12.3), 技术(10.1), 随访(9.6), 处理(8.3), 吸入(6.5)
305	管理和	3	7	58.81	28.6385	规范(9.6), 随访(9.6), 支气管扩张(8.7), 其他(8.5), 预防(8.3)
306	重需	3	7	58.39	28.5895	胃肠(12.0), 给予(10.8), 心力衰竭(8.3), 预防(8.3), 胸部(8.1)
307	或合并	4	7	57.96	28.5386	蛋白酶(11.2), 哮喘(11.2), 年龄岁(8.7), LABALAMAICS(7.7), ICSLABA(7.7)
308	肺与	3	7	57.96	28.538	简称(10.8), 影像(9.6), 全身(8.6), 其他(8.5), 医院(7.0)
309	于疾	6	7	57.75	28.5133	严重程度(16.0), 预防(8.3), 早期(7.6), 进展(7.6), 治疗(6.7)
310	吸功	4	7	57.47	28.4796	疲劳(12.7), 缩短(9.3), 临床(8.7), 指南(8.3), 方面(7.9)
311	中对	4	7	57.45	28.4774	试验(10.0), 随访(9.6), 临床(8.7), 指南(8.3), 气流受限(7.1)
312	治疗不	4	7	57.27	28.4557	纠正(11.0), 规范(9.6), 作用机制(8.8), 升级(8.2), 稳定期(7.7)
313	疗不	4	7	57.27	28.4557	纠正(11.0), 规范(9.6), 作用机制(8.8), 升级(8.2), 稳定期(7.7)
314	用和	7	7	56.99	28.4223	茶碱(10.8), 资源(10.6), 方案(8.9), 联合(7.1), 合并症(7.0)
315	评估是	4	7	56.96	28.4179	初始(10.1), 风险(8.9), 戒烟(8.9), 依据(8.3), 要求(7.1)
316	治疗时	7	7	56.88	28.4085	吸入(13.1), 受体激动剂(8.5), 延长(8.1), 雾化(7.7), 程度(7.1)
317	动的	7	7	56.81	28.4001	房颤(12.6), 肌肉(10.7), 内容(8.4), 雾化(7.7), 治疗(6.7)
318	于肺	8	7	56.75	28.3928	广泛(10.7), 损伤(10.7), 区域(9.5), 衰老(8.7), 分级(6.5)
319	早治	3	7	56.65	28.3805	问题(10.1), 全程管理(8.9), 关键(8.6), 其他(8.5), 低氧血症(7.7)
320	重可	6	7	56.25	28.3321	慢阻肺(12.0), 占预计值(9.7), 风险(8.9), 因素(7.6), 并发症(7.2)
321	患者治	6	7	56.18	28.3238	急性加重(14.2), 干预(8.5), 呼吸困难(7.6), 症状(7.3), 增加(6.6)
322	病COPD	22	5	285.86	28.295	药物(138.7), 治疗(126.5), 规范(9.6), 气流阻塞(6.7), 用于(4.3)
323	使用或	3	7	55.73	28.2677	哮喘(11.2), 风险(8.9), 方面(7.9), 合并(7.2), 联合(7.1)
324	但肺	3	7	55.37	28.2238	初始(10.1), 损害(10.0), 呼吸困难(7.6), 功能(7.5), 比值(7.4)
325	患者需	4	7	55.11	28.1907	调整(9.4), 筛查(9.1), 高碳酸血症(7.9), 心血管(7.7), 因素(7.6)
326	时间的	5	7	54.96	28.1723	足够(10.2), 参考值(8.4), 延长(8.1), 至少(8.1), 药物(7.7)
327	当慢	5	7	54.78	28.1498	SARSCoV(14.0), 修订版指南(9.2), 功能(7.5), 治疗(6.7), 疾病(6.6)
328	生中	4	7	54.44	28.1069	遵循(12.2), 社区(9.7), 特别是(7.4), 症状(7.3), 个体(7.0)
329	的标准	4	7	54.32	28.0922	基础(9.0), 临床(8.7), 理想(8.6), 干预(8.5), 评价(8.1)
330	内的	3	7	54.17	28.0729	环境(11.4), 住院(8.8), 其他(8.5), 更新(7.7), 急性加重(7.1)
331	吸入治疗	7	7	54.09	28.0623	首选(8.9), 住院(8.8), 药物(7.7), 雾化(7.7), 联合(7.1)
332	在中	3	7	53.49	27.9858	重度(9.2), 终点(9.2), 糖皮质激素(8.8), 表现为(7.3), 治疗(6.7)
333	是呼	5	7	53.47	27.983	全程管理(8.9), 康复(8.3), 运动训练(8.3), 心血管(7.7), 症状(7.3)
334	是呼吸	5	7	53.47	27.983	全程管理(8.9), 康复(8.3), 运动训练(8.3), 心血管(7.7), 症状(7.3)
335	可发	3	7	53.45	27.9804	线胸片(10.9), 全程管理(8.9), 年龄(8.2), 合并症(7.0), 疾病(6.6)
336	患者对	5	7	53.17	27.9448	家庭(10.2), 日常生活(9.6), 评价(8.1), 治疗(6.7), 加重(6.5)
337	数和	3	7	52.76	27.8917	症状(14.7), 急性加重(7.1), 严重(7.0), 效果(6.9), 发作(6.1)
338	的氧	3	7	52.64	27.8759	组织(9.8), 人群(8.9), 心力衰竭(8.3), 功能(7.5), 异常(7.2)
339	或治	3	7	52.15	27.8113	纠正(11.0), 诊断(8.2), 潜在(7.6), 常规(7.3), 治疗(6.7)
340	或治疗	3	7	52.15	27.8113	纠正(11.0), 诊断(8.2), 潜在(7.6), 常规(7.3), 治疗(6.7)
341	慢性疾	5	7	52.02	27.7949	支气管扩张(8.7), 大多数(8.6), 其他(8.5), 合并症(7.0), 患者(6.8)
342	慢性疾病	5	7	52.02	27.7949	支气管扩张(8.7), 大多数(8.6), 其他(8.5), 合并症(7.0), 患者(6.8)
343	对预	4	7	51.77	27.7614	稳定(8.6), 其他(8.5), 因素(7.6), 疾病进展(6.9), 证明(6.9)
344	LABA或	3	7	51.69	27.7509	受体激动剂(8.5), LABALAMAICS(7.7), ICSLABA(7.7), 合并(7.2), 急性加重(7.1)
345	疗主	3	7	51.61	27.7404	首选(8.9), 支气管扩张(8.7), 支气管(7.9), 稳定期(7.7), 吸入(6.5)
346	者死	3	7	51.41	27.713	风险(8.9), 住院(8.8), 终末期(7.8), 常见(7.5), 急性加重(7.1)
347	况的	5	7	51.4	27.7117	报告(11.7), 关键(8.6), 改变(7.9), 患者(6.8), 肺功能检查(5.9)
348	疾病患	7	7	51.34	27.705	足够(10.2), 大多数(8.6), 合并(7.2), 气流受限(7.1), 呼吸(6.9)
349	如有	5	7	50.96	27.6536	咳嗽(10.5), 依据(8.3), 其它(8.2), 下降(8.0), 所有(6.0)
350	特征的	3	7	49.81	27.4968	事件(10.4), 微生物群(9.2), 气流受限(7.1), 加重(6.5), 气道(6.3)
351	和分	4	7	49.27	27.4221	原则(8.8), 严重程度(8.0), 结果(7.6), 治疗(6.7), 轻度(6.2)
352	的首	3	7	49.0	27.3838	禁忌证(9.9), 结果显示(9.2), 患者(6.8), 疾病(6.6), 慢阻肺(6.0)
353	的结果	4	7	48.16	27.2649	人群(8.9), 共同(8.0), 检测(7.4), 患者(6.8), 作用(5.9)
354	β受	12	6	92.89	27.2528	长效(35.0), 短效(23.7), pMDISMI(10.2), 受体激动剂(8.5), 支气管舒张剂(8.4)
355	病与	4	7	47.89	27.2275	减轻(8.2), 心血管(7.7), 急性加重(7.1), 患者(6.8), 治疗(6.7)
356	中增	4	7	47.64	27.1906	度普利尤单抗(8.0), 支气管(7.9), 症状(7.3), 患者(6.8), 管理(6.7)
357	和预防	4	6	89.52	27.0331	访视(17.7), 处理(16.6), 诊断(16.4), 全球(16.3), 未来(15.5)
358	和气道	4	6	86.29	26.8155	哮喘(22.4), 简称(21.6), 反应(14.0), 黏液高分泌(11.4), 微生物群(9.2)
359	β激	5	6	84.34	26.68	长效(35.0), 吸入(13.1), 胆碱(10.6), 缓解(9.4), 激动剂(8.5)
360	一医	12	5	202.45	26.577	附属(122.1), 呼吸(34.4), 广州(32.7), 国家(7.3), 慢阻肺(6.0)
361	的策	4	6	76.12	26.0725	试验(19.9), 临床(17.4), 设计(17.1), 问题(10.1), 提高(6.8)
362	功率	3	6	73.78	25.8873	试验(19.9), 运动(16.8), 职业(12.3), 控制(9.1), 戒烟(8.9)
363	第一医	12	5	174.95	25.851	附属(122.1), 广州(32.7), 国家(7.3), 呼吸(6.9), 慢阻肺(6.0)
364	程和	4	6	70.78	25.6415	改变(15.7), 疾病进展(13.9), 疾病(13.2), 咳嗽咳痰(9.9), 缩短(9.3)
365	难等	3	6	70.25	25.5975	症状(22.0), 咳嗽咳痰(19.8), 咳痰(8.9), 患者(6.8), 治疗(6.7)
366	生和	7	6	69.86	25.5646	妊娠(29.6), 黏液高分泌(11.4), 临床(8.7), 国家(7.3), 增加(6.6)
367	进行性	7	6	69.14	25.5033	持续(18.2), 恶化(16.5), 加重(13.0), 引起(9.9), 呼吸困难(7.6)
368	常肺	5	6	68.82	25.4758	心力衰竭(16.7), 栓塞(16.3), 轨迹(13.0), 更新要点(9.3), 所致(6.8)
369	肿的	5	6	67.87	25.3935	引起(19.7), 升高(14.1), 组织(9.8), 切除(9.8), 改变(7.9)
370	和临	5	6	67.21	25.3358	意义(26.6), 获益(10.5), 住院(8.8), 症状(7.3), 急性加重(7.1)
371	和康	3	6	67.15	25.3304	教育(20.5), 健康(18.1), 焦虑(9.5), 指导(7.1), 治疗(6.7)
372	和康复	3	6	67.15	25.3304	教育(20.5), 健康(18.1), 焦虑(9.5), 指导(7.1), 治疗(6.7)
373	的戒	4	6	66.45	25.2686	提供(19.0), 咨询(13.0), 帮助(11.2), 意愿(9.8), 稳定期(7.7)
374	的戒烟	4	6	66.45	25.2686	提供(19.0), 咨询(13.0), 帮助(11.2), 意愿(9.8), 稳定期(7.7)
375	的正	6	6	65.95	25.2241	引起(19.7), 升高(14.1), 肺气肿(11.8), 下降(8.0), 吸入装置(6.9)
376	物和	7	6	65.56	25.1887	燃烧(25.1), 代谢(11.2), 糖皮质激素(8.8), 无创通气(7.0), 吸入装置(6.9)
377	疗呼吸	4	6	63.88	25.0349	康复(25.0), 噻托溴铵(11.3), 运动(8.4), 患者(6.8), 治疗(6.7)
378	异常的	4	6	63.55	25.0049	反应(14.0), 患者(13.7), 炎症(11.9), 蛋白(10.8), 功能(7.5)
379	及相	3	6	63.34	24.9855	药物(15.4), 治疗(13.3), 负担(10.8), 风险(8.9), 因素(7.6)
380	患者呼	7	6	63.32	24.9832	症状(22.0), 酸中毒(10.1), 康复(8.3), 减轻(8.2), 定义(7.6)
381	的专	4	6	62.9	24.9436	领域(25.3), 试验(10.0), 临床(8.7), 疾病(6.6), 中国(6.3)
382	治疗等	5	6	62.85	24.9392	康复(16.7), 方面(15.8), 基层(8.9), 依据(8.3), 呼吸(6.9)
383	及与	3	6	62.33	24.8905	异常(14.5), 反应(14.0), 炎症(11.9), 其他(8.5), 呼吸(6.9)
384	肺血	8	6	61.47	24.8084	栓塞(24.5), 开始(8.4), 改变(7.9), 机制(7.6), 疾病(6.6)
385	或呼吸	4	6	60.14	24.6791	潴留(13.1), 疲劳(12.7), 酸中毒(10.1), 咳嗽咳痰(9.9), 早期(7.6)
386	及呼	6	6	60.12	24.6771	肺功能(16.5), 症状(14.7), 耐力(7.8), 呼吸道感染(7.4), 呼吸(6.9)
387	及呼吸	6	6	60.12	24.6771	肺功能(16.5), 症状(14.7), 耐力(7.8), 呼吸道感染(7.4), 呼吸(6.9)
388	药物可	6	6	59.37	24.6033	咨询(13.0), 帮助(11.2), 茶碱(10.8), 手口协调(9.7), 药物(7.7)
389	用对	4	6	59.33	24.5987	患者(13.7), 避免(11.6), 抑郁(11.3), 舒张剂(8.3), 症状(7.3)
390	急性加重和	6	6	59.2	24.5859	合并症(14.0), 频繁(10.9), 疑似(10.3), 住院(8.8), 血嗜酸粒细胞(8.5)
391	性加重和	6	6	59.2	24.5859	合并症(14.0), 频繁(10.9), 疑似(10.3), 住院(8.8), 血嗜酸粒细胞(8.5)
392	教育的	3	6	59.19	24.5853	内容(16.8), 污染(9.9), 任务(9.6), 健康(9.1), 全科医生(7.1)
393	育的	4	6	59.19	24.5853	内容(16.8), 污染(9.9), 任务(9.6), 健康(9.1), 全科医生(7.1)
394	ICS吸	4	6	58.15	24.481	疾病(13.2), 修订(10.3), 困难(9.5), 糖皮质激素(8.8), 其他(8.5)
395	治疗及	4	6	58.15	24.4809	姑息(11.6), 陈亚红(11.3), 肿瘤(10.8), 康复(8.3), 预防(8.3)
396	和管理	4	6	58.15	24.4804	预防(16.6), 治疗(13.3), 方案(8.9), 其他(8.5), 测定(6.0)
397	或心	3	6	57.96	24.4616	患者(13.7), 骤停(12.0), 损伤(10.7), 意识(7.7), 合并症(7.0)
398	加重或	6	6	57.31	24.3951	其他(17.0), 住院(8.8), 升级(8.2), LAMALABALAMA(8.0), ICSLABA(7.7)
399	chinagpnetcn	18	6	57.27	24.3905	指南(16.6), 解读(10.6), 随访(9.6), patientswith(8.8), 患者(6.8)
400	因素是	3	6	57.19	24.3819	遗传(11.4), 环境(11.4), 暴露(11.2), 烟草烟雾(9.0), 未来(7.7)
401	素是	3	6	57.19	24.3819	遗传(11.4), 环境(11.4), 暴露(11.2), 烟草烟雾(9.0), 未来(7.7)
402	者合并	6	6	56.91	24.3528	慢阻肺(18.0), 影像(9.6), 手术(8.7), 指南(8.3), 疾病(6.6)
403	通气的	4	6	56.88	24.3503	越来越(12.4), pMDISMI(10.2), 禁忌证(9.9), 区域(9.5), 需求(8.2)
404	物对	3	6	56.81	24.3434	污染(19.7), 三联疗法(10.6), 温度(7.4), 吸入装置(6.9), 提高(6.8)
405	reviewandmeta	5	6	56.75	24.3371	asystematic(17.8), lungcancer(10.3), randomizedcontrolled(10.0), JChest(6.7), ofchronicobstructivepulmonarydisease(6.4)
406	使用的	4	6	56.67	24.3285	允许(12.7), 广泛(10.7), 风险(8.9), 支气管舒张剂(8.4), 基础上(8.3)
407	并慢阻	8	6	56.59	24.3201	患者(20.5), 球菌疫苗(10.6), 急性加重(7.1), 治疗(6.7), 原因(6.0)
408	道重	4	6	56.56	24.317	缩唇(11.5), 哮喘(11.2), 终末(9.9), 细胞(9.7), 呼吸道感染(7.4)
409	管理的	7	6	56.43	24.3031	疾病(13.2), 注意事项(10.5), 规范(9.6), 内容(8.4), 稳定期(7.7)
410	院广	5	5	127.28	24.2712	健康(45.3), 呼吸(34.4), 附属(33.3), 预防(8.3), 慢阻肺(6.0)
411	评估的	4	6	55.2	24.1738	呼吸困难(15.3), 健康状况(9.8), 问卷(9.3), 主要终点(8.3), 目标(7.7)
412	估的	4	6	55.2	24.1738	呼吸困难(15.3), 健康状况(9.8), 问卷(9.3), 主要终点(8.3), 目标(7.7)
413	吸入性糖	10	6	55.06	24.1583	受体激动剂(17.1), 口服(9.9), 激动剂(8.5), 例如(8.2), 联合(7.1)
414	入性糖	10	6	55.06	24.1583	受体激动剂(17.1), 口服(9.9), 激动剂(8.5), 例如(8.2), 联合(7.1)
415	以患	3	6	54.71	24.1213	装置(10.7), 超声心动图(10.7), 临床(8.7), 全身(8.6), 心律失常(8.4)
416	重是	4	6	54.67	24.1163	慢阻肺(18.0), 危及生命(9.9), 栓塞(8.2), 呼吸(6.9), 患者(6.8)
417	的表	4	6	54.45	24.0927	病死率(13.2), 疾病(13.2), 右心(7.9), 功能(7.5), 并发症(7.2)
418	为治	5	6	54.17	24.0621	目标(15.3), 清楚(11.7), 本文(8.5), 呼吸困难(7.6), 急性加重(7.1)
419	用高	6	6	53.84	24.0267	避免(11.6), 死亡(10.1), 优先(9.4), 受体激动剂(8.5), 价值(7.5)
420	及肺	6	6	53.75	24.0171	问卷(18.6), 间隔(9.1), 表现(7.7), 症状(7.3), 气道(6.3)
421	COPD中	3	6	53.65	24.0054	试验(19.9), 全身(8.6), 耐力(7.8), 治疗(6.7), 炎症(6.0)
422	的前	3	6	53.36	23.9733	症状(14.7), 陈典隆寰宇(11.3), 诊断(8.2), 治疗(6.7), 加重(6.5)
423	状及	4	6	53.33	23.9706	健康(18.1), 呼吸困难(7.6), LABAICS(7.3), 急性加重(7.1), 治疗(6.7)
424	及急	5	6	53.32	23.9697	症状(14.7), 风险(8.9), 基础上(8.3), 功能(7.5), 呼吸道感染(7.4)
425	的吸入	6	6	53.05	23.9398	患者(13.7), 临床(8.7), 血嗜酸粒细胞(8.5), 严重程度(8.0), 接种(7.6)
426	数分	3	6	53.04	23.9381	痉挛(13.5), 临床(8.7), 行走(8.3), 支气管(7.9), 呼吸困难(7.6)
427	期吸	3	6	52.28	23.8529	治疗(13.3), 维持(8.8), 其他(8.5), 药物(7.7), 进展(7.6)
428	院和	3	6	52.19	23.8435	医院(14.0), 健康状况(9.8), 社区(9.7), 死亡率(7.5), 症状(7.3)
429	和研	3	6	51.95	23.8159	报告(11.7), 临床(8.7), 设计(8.6), 我国(8.1), 严重程度(8.0)
430	和研究	3	6	51.95	23.8159	报告(11.7), 临床(8.7), 设计(8.6), 我国(8.1), 严重程度(8.0)
431	组患	4	6	51.92	23.8124	允许(12.7), 条件(10.7), 指南(8.3), 联合(7.1), 治疗(6.7)
432	影响的	3	6	51.09	23.7181	房颤(12.6), 方面(7.9), 产生(7.9), 不良(7.9), 药物(7.7)
433	响的	3	6	51.09	23.7181	房颤(12.6), 方面(7.9), 产生(7.9), 不良(7.9), 药物(7.7)
434	性应	4	6	50.99	23.7061	给予(10.8), 说明(9.0), 糖皮质激素(8.8), 全身(8.6), 针对(7.8)
435	本的	3	6	50.88	23.6935	规范(9.6), 提供(9.5), 工作(8.4), 基础上(8.3), 全球(8.1)
436	有慢性	5	6	50.68	23.6704	咳嗽(10.5), 占预计值(9.7), 暴露史(8.9), 支气管(7.9), 呼吸(6.9)
437	疗基	4	6	50.49	23.6487	给予(10.8), 家庭(10.2), 诊断(8.2), 卫生(8.0), 常规(7.3)
438	阻肺常	5	6	50.49	23.648	合并(14.3), 其他(8.5), 症状(7.3), 急性加重(7.1), 治疗(6.7)
439	肺常	5	6	50.49	23.648	合并(14.3), 其他(8.5), 症状(7.3), 急性加重(7.1), 治疗(6.7)
440	重为	3	6	50.37	23.6338	事件(10.4), 控制(9.1), 咳痰(8.9), 目标(7.7), 呼吸困难(7.6)
441	可提	3	6	50.34	23.6311	仪器(10.8), 教育(10.3), 自我管理(8.9), 吸入装置(6.9), 患者(6.8)
442	的反	4	6	50.12	23.6053	治疗(13.3), 人群(8.9), 产生(7.9), 患者(6.8), 增加(6.6)
443	的反应	4	6	50.12	23.6053	治疗(13.3), 人群(8.9), 产生(7.9), 患者(6.8), 增加(6.6)
444	和有	4	6	50.09	23.6013	作用(11.7), 循证医学证据(9.5), 人员(8.3), 合并症(7.0), 患者(6.8)
445	加重需	3	6	50.08	23.6007	胃肠(12.0), 给予(10.8), 心力衰竭(8.3), 胸部(8.1), 慢阻肺(6.0)
446	药物吸	3	6	50.06	23.598	禁忌证(9.9), 缓解(9.4), 激动剂(8.5), 评价(8.1), 雾化(7.7)
447	物吸	3	6	50.06	23.598	禁忌证(9.9), 缓解(9.4), 激动剂(8.5), 评价(8.1), 雾化(7.7)
448	和重	3	6	50.03	23.595	慢阻肺(12.0), 住院(8.8), 尤其是(7.9), 常见(7.5), 合并(7.2)
449	患者数	6	5	110.69	23.5788	近亿(35.5), 我国(24.3), 每年(23.4), 超过(16.6), 仪器(10.8)
450	的或者	3	6	49.84	23.5722	水平(9.6), 持续(9.1), 基础(9.0), 临床(8.7), 潜在(7.6)
451	哮喘的	4	6	49.75	23.5618	患者(13.7), LABALAMA(8.5), LABAICS(7.3), 合并(7.2), 疾病(6.6)
452	喘的	4	6	49.75	23.5618	患者(13.7), LABALAMA(8.5), LABAICS(7.3), 合并(7.2), 疾病(6.6)
453	及治	3	6	49.72	23.5578	酯酶(10.9), 监测(8.9), 临床(8.7), 表现(7.7), 反应(7.0)
454	及治疗	3	6	49.72	23.5578	酯酶(10.9), 监测(8.9), 临床(8.7), 表现(7.7), 反应(7.0)
455	在评	5	6	49.7	23.5556	抗菌治疗(12.2), 然而(8.6), 方面(7.9), 呼吸困难(7.6), 患者(6.8)
456	的修	6	6	49.67	23.5519	郑劲平(10.3), 论文(8.4), 指南(8.3), 每年(7.8), 定义(7.6)
457	的修订	6	6	49.67	23.5519	郑劲平(10.3), 论文(8.4), 指南(8.3), 每年(7.8), 定义(7.6)
458	对其	4	6	49.17	23.4923	强烈(10.8), 终点(9.2), 维持(8.8), 并发症(7.2), 疾病(6.6)
459	功能性	4	6	49.1	23.4842	变化(14.3), 损害(10.0), 小气道(7.9), 加重(6.5), 活动(6.5)
460	合并症和	4	6	49.0	23.4722	咳嗽(10.5), 控制(9.1), 风险(8.9), 心律失常(8.4), 并发症(7.2)
461	并症和	4	6	49.0	23.4722	咳嗽(10.5), 控制(9.1), 风险(8.9), 心律失常(8.4), 并发症(7.2)
462	在内	4	6	48.9	23.4599	环境(11.4), 广泛(10.7), 其他(8.5), 更新(7.7), 慢阻肺(6.0)
463	期肺	5	6	48.73	23.4391	监测(17.9), 关键(8.6), 患者(6.8), 发现(5.7), 肺功能(5.5)
464	结果的	4	6	48.45	23.4053	务人员(11.2), 提供(9.5), 分析(8.4), 提示(7.9), 测定(6.0)
465	的筛	4	6	48.37	23.3965	疾病(13.2), 诊断(8.2), 我国(8.1), 早期(7.6), 慢阻肺(6.0)
466	一年	4	6	47.75	23.3202	试验(10.0), 基础上(8.3), 依据(8.3), 至少(8.1), 急性加重(7.1)
467	与GOLD2024相比	3	6	47.6	23.3012	更新要点(9.3), 细胞计数(9.3), 然而(8.6), 急性加重(7.1), 管理(6.7)
468	GOLD2024相比	3	6	47.6	23.3012	更新要点(9.3), 细胞计数(9.3), 然而(8.6), 急性加重(7.1), 管理(6.7)
469	病指	4	6	47.57	23.2976	运动能力(8.9), 原则(8.8), 依据(8.3), 更新(7.7), 并发症(7.2)
470	的情况	5	6	47.42	23.2796	胆碱(10.6), 处理(8.3), 心血管(7.7), 医院(7.0), 合并症(7.0)
471	重患者	11	6	47.35	23.2707	避免(11.6), 方案(8.9), 门诊(7.9), 呼吸困难(7.6), 治疗(6.7)
472	要使	3	6	47.29	23.2636	间隔(9.1), 稳定(8.6), 动脉(8.2), 雾化(7.7), 要求(7.1)
473	的应	7	6	46.72	23.192	疾病(13.2), 落实(10.1), 加重(6.5), 中国(6.3), 肺功能检查(5.9)
474	在对	4	6	46.63	23.1811	慢阻肺病(9.8), 占预计值(9.7), 临床(8.7), 合并(7.2), 合并症(7.0)
475	对呼吸	5	6	46.57	23.1738	问卷(9.3), 人群(8.9), 结局(8.3), 严重(7.0), 疾病(6.6)
476	差的	4	6	46.46	23.1593	获益(10.5), 健康状况(9.8), 比值(7.4), 患者(6.8), 活动(6.5)
477	或慢	4	6	46.36	23.1462	既往(11.8), 问卷(9.3), 呼吸困难(7.6), 肺动脉高压(5.9), 肺气肿(5.9)
478	上的	5	6	46.35	23.1453	而言(9.3), 终点(9.2), 结果(7.6), 急性加重(7.1), 患者(6.8)
479	的变	6	6	46.22	23.1285	任何(10.6), 显示(8.8), 个体(7.0), 证明(6.9), 所致(6.8)
480	和成	4	6	46.06	23.1089	资源(10.6), 平滑肌(10.1), 药物(7.7), 患者(6.8), 增加(6.6)
481	可及	3	6	45.94	23.0932	筛查(9.1), 操作(8.8), 药物(7.7), 早期(7.6), 合并症(7.0)
482	查发	3	6	45.91	23.0899	问卷(9.3), 高危人群(8.6), 胸部(8.1), 可以通过(7.1), 呼吸(6.9)
483	和结	3	6	45.56	23.0448	认识(9.2), 严重程度(8.0), 小气道(7.9), 支气管(7.9), 改变(7.9)
484	规治	3	6	45.49	23.0351	康复(8.3), 基础上(8.3), 心血管(7.7), 功能(7.5), 细菌(7.1)
485	疗比	3	6	45.35	23.0171	三联(9.0), LAMALABALAMA(8.0), ICSLABA(7.7), 联合(7.1), 吸入装置(6.9)
486	对治	4	6	45.24	23.0029	浓度(8.1), 方面(7.9), 药物(7.7), 稳定期(7.7), 反应(7.0)
487	对治疗	4	6	45.24	23.0029	浓度(8.1), 方面(7.9), 药物(7.7), 稳定期(7.7), 反应(7.0)
488	估患者	5	6	45.2	22.9979	注意(9.1), 然而(8.6), 低氧血症(7.7), 患者(6.8), 吸入(6.5)
489	有改	3	6	44.93	22.9632	既往(11.8), 呼吸困难(7.6), 急性加重(7.1), 呼吸(6.9), 慢阻肺(6.0)
490	有改善	3	6	44.93	22.9632	既往(11.8), 呼吸困难(7.6), 急性加重(7.1), 呼吸(6.9), 慢阻肺(6.0)
491	病率的	3	6	44.89	22.9569	水平(9.6), 报道(8.6), 平均(7.8), 不良反应(7.7), 增加(6.6)
492	治疗氧	3	6	44.83	22.9502	基础(9.0), 戒烟(8.9), 手术(8.7), 调节(8.2), 通气(5.7)
493	和并	3	6	44.78	22.9429	风险(8.9), 动脉(8.2), 严重程度(8.0), 合并症(7.0), 治疗(6.7)
494	应评估	4	6	44.63	22.9237	戒烟(8.9), 方案(8.9), 抗菌(8.2), 患者(6.8), 治疗(6.7)
495	有临	5	6	43.9	22.8268	意义(8.9), 表现(7.7), 反应(7.0), 证明(6.9), 患者(6.8)
496	会加	3	6	43.84	22.819	空气污染(9.8), 表现(7.7), 温度(7.4), 急性加重(7.1), 合并症(7.0)
497	和无	3	6	43.68	22.797	衰竭(10.4), 药物(7.7), 气流受限(7.1), 机械通气(7.1), 治疗(6.7)
498	吸病学分会	14	6	43.55	22.7798	组织(9.8), 感染(9.1), 呼吸(6.9), 中国(6.3), 慢阻肺(6.0)
499	与急性	6	6	43.55	22.7798	风险(8.9), 住院(8.8), 扩张(8.8), 治疗(6.7), 慢阻肺病患者(5.5)
500	的生理	3	6	43.41	22.7607	代谢(11.2), 呼吸(6.9), 患者(6.8), 疾病(6.6), 指标(6.4)
