head,tail,relation,source,doc
二氧化氮,慢性阻塞性肺疾病,危险因素-疾病,,
二氧化硅,慢性阻塞性肺疾病,危险因素-疾病,,
二氧化硫,慢性阻塞性肺疾病,危险因素-疾病,,
吸烟,呼吸衰竭,危险因素-疾病,,
吸烟,心力衰竭,危险因素-疾病,,
吸烟,心肌梗死,危险因素-疾病,cooccurrence,24_【参考】中国慢性阻塞性肺疾病基层诊疗与管理指南（2024年）(周老师参与)_cleaned.txt
吸烟,心血管疾病,危险因素-疾病,,
吸烟,慢性支气管炎,危险因素-疾病,,
吸烟,慢性阻塞性肺疾病,危险因素-疾病,,
吸烟,支气管哮喘,危险因素-疾病,,
吸烟,支气管扩张,危险因素-疾病,,
吸烟,糖尿病,危险因素-疾病,,
吸烟,细支气管炎,危险因素-疾病,cooccurrence,24_【参考】中国慢性阻塞性肺疾病基层诊疗与管理指南（2024年）(周老师参与)_cleaned.txt
吸烟,肺动脉高压,危险因素-疾病,cooccurrence,34_慢性阻塞性肺疾病中西医结合管理专家共识(2023版)_cleaned.txt
吸烟,肺栓塞,危险因素-疾病,,
吸烟,肺炎,危险因素-疾病,,
吸烟,肺癌,危险因素-疾病,,
吸烟,胃食管反流,危险因素-疾病,cooccurrence,21_慢性阻塞性肺疾病诊治指南（2021年修订版）-主要参考_cleaned.txt
吸烟,阻塞性睡眠呼吸暂停,危险因素-疾病,,
吸烟,骨质疏松症,危险因素-疾病,,
吸烟,鼻窦炎,危险因素-疾病,,
吸烟史,CVA,危险因素-疾病,cooccurrence,22_咳嗽基层诊疗指南（2018年）_cleaned.txt
吸烟史,慢性阻塞性肺疾病,危险因素-疾病,,
吸烟史,支气管哮喘,危险因素-疾病,,
吸烟史,支气管扩张,危险因素-疾病,,
吸烟史,糖尿病,危险因素-疾病,,
吸烟史,细支气管炎,危险因素-疾病,cooccurrence,21_慢性阻塞性肺疾病诊治指南（2021年修订版）-主要参考_cleaned.txt
吸烟史,肺癌,危险因素-疾病,,
吸烟史,肺结核,危险因素-疾病,,
吸烟史,阻塞性睡眠呼吸暂停,危险因素-疾病,,
呼吸道感染,CVA,危险因素-疾病,cooccurrence,22_咳嗽基层诊疗指南（2018年）_cleaned.txt
呼吸道感染,心力衰竭,危险因素-疾病,,
呼吸道感染,慢性支气管炎,危险因素-疾病,cooccurrence,21_慢性阻塞性肺疾病诊治指南（2021年修订版）-主要参考_cleaned.txt
呼吸道感染,慢性阻塞性肺疾病,危险因素-疾病,,
呼吸道感染,支气管哮喘,危险因素-疾病,,
呼吸道感染,支气管炎,危险因素-疾病,cooccurrence,22_咳嗽基层诊疗指南（2018年）_cleaned.txt
呼吸道感染,糖尿病,危险因素-疾病,,
呼吸道感染,肺动脉高压,危险因素-疾病,cooccurrence,34_慢性阻塞性肺疾病中西医结合管理专家共识(2023版)_cleaned.txt
呼吸道感染,肺栓塞,危险因素-疾病,,
呼吸道感染,贫血,危险因素-疾病,cooccurrence,11_【参考】慢性阻塞性肺病（COPD）治疗药物临床研究指导原则-EMA_cleaned.txt
家族史,CVA,危险因素-疾病,cooccurrence,22_咳嗽基层诊疗指南（2018年）_cleaned.txt
家族史,心力衰竭,危险因素-疾病,cooccurrence,21_慢性阻塞性肺疾病诊治指南（2021年修订版）-主要参考_cleaned.txt
家族史,心血管疾病,危险因素-疾病,cooccurrence,34_慢性阻塞性肺疾病中西医结合管理专家共识(2023版)_cleaned.txt
家族史,慢性支气管炎,危险因素-疾病,cooccurrence,34_慢性阻塞性肺疾病中西医结合管理专家共识(2023版)_cleaned.txt
家族史,慢性阻塞性肺疾病,危险因素-疾病,cooccurrence,34_慢性阻塞性肺疾病中西医结合管理专家共识(2023版)_cleaned.txt
家族史,支气管哮喘,危险因素-疾病,cooccurrence,21_慢性阻塞性肺疾病诊治指南（2021年修订版）-主要参考_cleaned.txt
家族史,肺动脉高压,危险因素-疾病,cooccurrence,34_慢性阻塞性肺疾病中西医结合管理专家共识(2023版)_cleaned.txt
家族史,肺癌,危险因素-疾病,cooccurrence,21_慢性阻塞性肺疾病诊治指南（2021年修订版）-主要参考_cleaned.txt
抗感染,呼吸衰竭,危险因素-疾病,,
抗感染,心力衰竭,危险因素-疾病,,
抗感染,慢性阻塞性肺疾病,危险因素-疾病,,
抗感染,肺炎,危险因素-疾病,,
气候变化,慢性阻塞性肺疾病,危险因素-疾病,cooccurrence,5_2025年GOLD慢性阻塞性肺疾病诊断、治疗、管理及预防全球策略更新要点解读_cleaned.txt
气候变化,支气管哮喘,危险因素-疾病,,
气候变化,肺炎,危险因素-疾病,cooccurrence,5_2025年GOLD慢性阻塞性肺疾病诊断、治疗、管理及预防全球策略更新要点解读_cleaned.txt
污染物,慢性阻塞性肺疾病,危险因素-疾病,,
污染物,支气管哮喘,危险因素-疾病,,
流感病毒,肺炎,危险因素-疾病,cooccurrence,68_2022_慢性阻塞性肺疾病免疫调节治疗专家共识_cleaned.txt
混合感染,鼻窦炎,危险因素-疾病,cooccurrence,22_咳嗽基层诊疗指南（2018年）_cleaned.txt
烟草烟雾,慢性阻塞性肺疾病,危险因素-疾病,,
烟草烟雾,支气管哮喘,危险因素-疾病,,
病毒感染,呼吸衰竭,危险因素-疾病,cooccurrence,38_【主要参考】慢性阻塞性肺疾病急性加重诊治中国专家共识(2023年修订版)-已解锁_cleaned.txt
病毒感染,心力衰竭,危险因素-疾病,cooccurrence,21_慢性阻塞性肺疾病诊治指南（2021年修订版）-主要参考_cleaned.txt
病毒感染,慢性阻塞性肺疾病,危险因素-疾病,cooccurrence,5_2025年GOLD慢性阻塞性肺疾病诊断、治疗、管理及预防全球策略更新要点解读_cleaned.txt
空气污染,慢性阻塞性肺疾病,危险因素-疾病,,
粉尘,心血管疾病,危险因素-疾病,cooccurrence,34_慢性阻塞性肺疾病中西医结合管理专家共识(2023版)_cleaned.txt
粉尘,慢性阻塞性肺疾病,危险因素-疾病,cooccurrence,24_【参考】中国慢性阻塞性肺疾病基层诊疗与管理指南（2024年）(周老师参与)_cleaned.txt
粉尘,肺动脉高压,危险因素-疾病,cooccurrence,34_慢性阻塞性肺疾病中西医结合管理专家共识(2023版)_cleaned.txt
细菌感染,呼吸衰竭,危险因素-疾病,cooccurrence,38_【主要参考】慢性阻塞性肺疾病急性加重诊治中国专家共识(2023年修订版)-已解锁_cleaned.txt
细菌感染,慢性阻塞性肺疾病,危险因素-疾病,,
细菌感染,支气管扩张,危险因素-疾病,,
细菌感染,气道炎症,危险因素-疾病,cooccurrence,24_【参考】中国慢性阻塞性肺疾病基层诊疗与管理指南（2024年）(周老师参与)_cleaned.txt
细菌感染,肺炎,危险因素-疾病,,
遗传,慢性支气管炎,危险因素-疾病,cooccurrence,21_慢性阻塞性肺疾病诊治指南（2021年修订版）-主要参考_cleaned.txt
遗传,慢性阻塞性肺疾病,危险因素-疾病,cooccurrence,5_2025年GOLD慢性阻塞性肺疾病诊断、治疗、管理及预防全球策略更新要点解读_cleaned.txt
CT,肺癌,检查-筛查-疾病,,
CT,变应性咳嗽,检查-评估-疾病,,
CT,咳痰,检查-评估-疾病,,
CT,喘息,检查-评估-疾病,,
CT,心动过速,检查-评估-疾病,,
CT,慢性咳嗽,检查-评估-疾病,,
呼吸频率,意识障碍,检查-评估-疾病,,
肺功能,喘息,检查-评估-疾病,,
肺功能,肺脾气虚,检查-评估-疾病,,
肺功能,胸闷,检查-评估-疾病,,
脉搏血氧,心动过速,检查-评估-疾病,,
血气分析,呼吸困难,检查-评估-疾病,,
血气分析,意识障碍,检查-评估-疾病,,
CT,中成药,检查-评估-症状,,
CT,头痛,检查-评估-症状,,
CT,气虚,检查-评估-症状,,
CT,流清涕,检查-评估-症状,,
CT,肢体酸痛,检查-评估-症状,,
CT,胸闷,检查-评估-症状,,
CT,腹泻,检查-评估-症状,,
CT,腹胀,检查-评估-症状,,
呼吸频率,中成药,检查-评估-症状,,
呼吸频率,呼吸困难,检查-评估-症状,,
心电图,呼吸困难,检查-评估-症状,,
心电图,咳痰,检查-评估-症状,,
心电图,头痛,检查-评估-症状,,
心电图,慢性咳嗽,检查-评估-症状,,
心电图,流清涕,检查-评估-症状,,
心电图,脉浮,检查-评估-症状,,
肺功能,中成药,检查-评估-症状,,
肺功能,呼吸困难,检查-评估-症状,,
肺功能,咳痰,检查-评估-症状,,
肺功能,头晕,检查-评估-症状,,
肺功能,头痛,检查-评估-症状,,
肺功能,慢性咳嗽,检查-评估-症状,,
肺功能,气虚,检查-评估-症状,,
脉浮,头痛,检查-评估-症状,cooccurrence,22_咳嗽基层诊疗指南（2018年）_cleaned.txt
脉浮,流清涕,检查-评估-症状,cooccurrence,20_【中医证候】慢性阻塞性肺疾病中医证候诊断标准（2011版）_cleaned.txt
脉浮,肌肉酸痛,检查-评估-症状,cooccurrence,20_【中医证候】慢性阻塞性肺疾病中医证候诊断标准（2011版）_cleaned.txt
脉浮,胸闷,检查-评估-症状,cooccurrence,35_咳嗽中医诊疗专家共识意见（2021）_cleaned.txt
血气分析,中成药,检查-评估-症状,,
CT,变应性鼻炎,检查-辅助诊断-疾病,,
CT,呼吸衰竭,检查-辅助诊断-疾病,,
CT,心力衰竭,检查-辅助诊断-疾病,,
CT,心血管疾病,检查-辅助诊断-疾病,,
CT,慢性支气管炎,检查-辅助诊断-疾病,,
CT,慢性阻塞性肺疾病,检查-辅助诊断-疾病,cooccurrence,5_2025年GOLD慢性阻塞性肺疾病诊断、治疗、管理及预防全球策略更新要点解读_cleaned.txt
CT,支气管哮喘,检查-辅助诊断-疾病,,
CT,支气管扩张,检查-辅助诊断-疾病,,
CT,细支气管炎,检查-辅助诊断-疾病,cooccurrence,21_慢性阻塞性肺疾病诊治指南（2021年修订版）-主要参考_cleaned.txt
CT,肺动脉高压,检查-辅助诊断-疾病,,
CT,肺栓塞,检查-辅助诊断-疾病,,
CT,肺炎,检查-辅助诊断-疾病,,
CT,肺癌,检查-辅助诊断-疾病,,
CT,肺结核,检查-辅助诊断-疾病,cooccurrence,24_【参考】中国慢性阻塞性肺疾病基层诊疗与管理指南（2024年）(周老师参与)_cleaned.txt
CT,鼻窦炎,检查-辅助诊断-疾病,,
吸气流速,慢性阻塞性肺疾病,检查-辅助诊断-疾病,,
吸气流速,肺动脉高压,检查-辅助诊断-疾病,,
呼吸频率,呼吸衰竭,检查-辅助诊断-疾病,,
呼吸频率,慢性阻塞性肺疾病,检查-辅助诊断-疾病,,
呼吸频率,肺炎,检查-辅助诊断-疾病,,
心电图,右心衰竭,检查-辅助诊断-疾病,,
心电图,呼吸衰竭,检查-辅助诊断-疾病,,
心电图,心力衰竭,检查-辅助诊断-疾病,,
心电图,心血管疾病,检查-辅助诊断-疾病,,
心电图,慢性阻塞性肺疾病,检查-辅助诊断-疾病,,
心电图,支气管哮喘,检查-辅助诊断-疾病,,
心电图,支气管扩张,检查-辅助诊断-疾病,,
心电图,肺动脉高压,检查-辅助诊断-疾病,,
心电图,肺栓塞,检查-辅助诊断-疾病,,
线胸片,呼吸衰竭,检查-辅助诊断-疾病,cooccurrence,38_【主要参考】慢性阻塞性肺疾病急性加重诊治中国专家共识(2023年修订版)-已解锁_cleaned.txt
线胸片,心力衰竭,检查-辅助诊断-疾病,cooccurrence,21_慢性阻塞性肺疾病诊治指南（2021年修订版）-主要参考_cleaned.txt
线胸片,慢性支气管炎,检查-辅助诊断-疾病,cooccurrence,22_咳嗽基层诊疗指南（2018年）_cleaned.txt
线胸片,支气管扩张,检查-辅助诊断-疾病,cooccurrence,21_慢性阻塞性肺疾病诊治指南（2021年修订版）-主要参考_cleaned.txt
线胸片,细支气管炎,检查-辅助诊断-疾病,cooccurrence,21_慢性阻塞性肺疾病诊治指南（2021年修订版）-主要参考_cleaned.txt
线胸片,肺炎,检查-辅助诊断-疾病,cooccurrence,21_慢性阻塞性肺疾病诊治指南（2021年修订版）-主要参考_cleaned.txt
线胸片,肺癌,检查-辅助诊断-疾病,cooccurrence,22_咳嗽基层诊疗指南（2018年）_cleaned.txt
线胸片,肺结核,检查-辅助诊断-疾病,cooccurrence,22_咳嗽基层诊疗指南（2018年）_cleaned.txt
线胸片,鼻窦炎,检查-辅助诊断-疾病,cooccurrence,21_慢性阻塞性肺疾病诊治指南（2021年修订版）-主要参考_cleaned.txt
肺功能,右心衰竭,检查-辅助诊断-疾病,,
肺功能,呼吸衰竭,检查-辅助诊断-疾病,,
肺功能,心力衰竭,检查-辅助诊断-疾病,,
肺功能,心血管疾病,检查-辅助诊断-疾病,,
肺功能,慢性支气管炎,检查-辅助诊断-疾病,,
肺功能,慢性阻塞性肺疾病,检查-辅助诊断-疾病,,
肺功能,支气管哮喘,检查-辅助诊断-疾病,,
肺功能,支气管扩张,检查-辅助诊断-疾病,,
肺功能,肺炎,检查-辅助诊断-疾病,,
肺功能,肺癌,检查-辅助诊断-疾病,,
肺功能,肺结核,检查-辅助诊断-疾病,,
肺功能,阻塞性睡眠呼吸暂停,检查-辅助诊断-疾病,,
肺功能,鼻窦炎,检查-辅助诊断-疾病,,
脉搏血氧,呼吸衰竭,检查-辅助诊断-疾病,,
脉搏血氧,心力衰竭,检查-辅助诊断-疾病,,
脉搏血氧,慢性阻塞性肺疾病,检查-辅助诊断-疾病,,
血嗜酸粒细胞计数,慢性阻塞性肺疾病,检查-辅助诊断-疾病,,
血嗜酸粒细胞计数,支气管哮喘,检查-辅助诊断-疾病,,
血常规,慢性阻塞性肺疾病,检查-辅助诊断-疾病,,
血常规,红细胞增多症,检查-辅助诊断-疾病,,
血常规,贫血,检查-辅助诊断-疾病,,
血气分析,右心衰竭,检查-辅助诊断-疾病,,
血气分析,呼吸衰竭,检查-辅助诊断-疾病,,
血气分析,心力衰竭,检查-辅助诊断-疾病,,
血气分析,心血管疾病,检查-辅助诊断-疾病,,
血气分析,慢性阻塞性肺疾病,检查-辅助诊断-疾病,,
血气分析,支气管扩张,检查-辅助诊断-疾病,,
血气分析,肺癌,检查-辅助诊断-疾病,,
超声心动图,心力衰竭,检查-辅助诊断-疾病,cooccurrence,24_【参考】中国慢性阻塞性肺疾病基层诊疗与管理指南（2024年）(周老师参与)_cleaned.txt
超声心动图,心血管疾病,检查-辅助诊断-疾病,cooccurrence,34_慢性阻塞性肺疾病中西医结合管理专家共识(2023版)_cleaned.txt
超声心动图,肺动脉高压,检查-辅助诊断-疾病,cooccurrence,34_慢性阻塞性肺疾病中西医结合管理专家共识(2023版)_cleaned.txt
三联疗法,慢性阻塞性肺疾病,治疗-改善-疾病,cooccurrence,21_慢性阻塞性肺疾病诊治指南（2021年修订版）-主要参考_cleaned.txt
体位引流,支气管扩张,治疗-改善-疾病,cooccurrence,22_咳嗽基层诊疗指南（2018年）_cleaned.txt
戒烟,慢性阻塞性肺疾病,治疗-改善-疾病,cooccurrence,5_2025年GOLD慢性阻塞性肺疾病诊断、治疗、管理及预防全球策略更新要点解读_cleaned.txt
手术切除,肺癌,治疗-改善-疾病,cooccurrence,22_咳嗽基层诊疗指南（2018年）_cleaned.txt
抗感染,慢性阻塞性肺疾病,治疗-改善-疾病,cooccurrence,21_慢性阻塞性肺疾病诊治指南（2021年修订版）-主要参考_cleaned.txt
抗感染,支气管扩张,治疗-改善-疾病,cooccurrence,38_【主要参考】慢性阻塞性肺疾病急性加重诊治中国专家共识(2023年修订版)-已解锁_cleaned.txt
抗感染,支气管炎,治疗-改善-疾病,cooccurrence,22_咳嗽基层诊疗指南（2018年）_cleaned.txt
抗感染,肺炎,治疗-改善-疾病,cooccurrence,38_【主要参考】慢性阻塞性肺疾病急性加重诊治中国专家共识(2023年修订版)-已解锁_cleaned.txt
抗感染,鼻后滴流综合征,治疗-改善-疾病,cooccurrence,22_咳嗽基层诊疗指南（2018年）_cleaned.txt
抗感染,鼻窦炎,治疗-改善-疾病,cooccurrence,30_咳嗽的诊断与治疗指南（2021）_cleaned.txt
无创通气,呼吸衰竭,治疗-改善-疾病,cooccurrence,21_慢性阻塞性肺疾病诊治指南（2021年修订版）-主要参考_cleaned.txt
无创通气,心力衰竭,治疗-改善-疾病,cooccurrence,21_慢性阻塞性肺疾病诊治指南（2021年修订版）-主要参考_cleaned.txt
肺康复,心力衰竭,治疗-改善-疾病,cooccurrence,21_慢性阻塞性肺疾病诊治指南（2021年修订版）-主要参考_cleaned.txt
肺康复,慢性支气管炎,治疗-改善-疾病,cooccurrence,5_2025年GOLD慢性阻塞性肺疾病诊断、治疗、管理及预防全球策略更新要点解读_cleaned.txt
肺康复,慢性阻塞性肺疾病,治疗-改善-疾病,cooccurrence,50_慢性阻塞性肺疾病稳定期中医临床实践指南(征求意见稿)-2020年_cleaned.txt
肺康复,支气管扩张,治疗-改善-疾病,cooccurrence,50_慢性阻塞性肺疾病稳定期中医临床实践指南(征求意见稿)-2020年_cleaned.txt
阻抗训练,慢性阻塞性肺疾病,治疗-改善-疾病,cooccurrence,42_慢性阻塞性肺疾病急性加重围出院期管理与随访指南（2024年版）-已解锁_cleaned.txt
三联疗法,呼吸困难,治疗-改善-症状,cooccurrence,21_慢性阻塞性肺疾病诊治指南（2021年修订版）-主要参考_cleaned.txt
体位引流,慢性咳嗽,治疗-改善-症状,,
健脾,中成药,治疗-改善-症状,,
健脾,呕吐,治疗-改善-症状,cooccurrence,50_慢性阻塞性肺疾病稳定期中医临床实践指南(征求意见稿)-2020年_cleaned.txt
健脾,咳痰,治疗-改善-症状,,
健脾,喘息,治疗-改善-症状,,
健脾,头晕,治疗-改善-症状,,
健脾,意识障碍,治疗-改善-症状,,
健脾,慢性咳嗽,治疗-改善-症状,,
健脾,气虚,治疗-改善-症状,,
健脾,祛邪,治疗-改善-症状,,
健脾,肺脾气虚,治疗-改善-症状,,
宣肺止咳,慢性咳嗽,治疗-改善-症状,,
宣肺止咳,肺脾气虚,治疗-改善-症状,,
宣肺止咳,风寒袭肺,治疗-改善-症状,,
戒烟,呼吸困难,治疗-改善-症状,,
戒烟,啰音,治疗-改善-症状,cooccurrence,30_咳嗽的诊断与治疗指南（2021）_cleaned.txt
戒烟,失眠,治疗-改善-症状,cooccurrence,24_【参考】中国慢性阻塞性肺疾病基层诊疗与管理指南（2024年）(周老师参与)_cleaned.txt
戒烟,头晕,治疗-改善-症状,cooccurrence,24_【参考】中国慢性阻塞性肺疾病基层诊疗与管理指南（2024年）(周老师参与)_cleaned.txt
戒烟,慢性咳嗽,治疗-改善-症状,,
戒烟,腹胀,治疗-改善-症状,,
手术切除,慢性咳嗽,治疗-改善-症状,,
抗感染,喘息,治疗-改善-症状,cooccurrence,22_咳嗽基层诊疗指南（2018年）_cleaned.txt
无创通气,乏力,治疗-改善-症状,,
无创通气,呼吸困难,治疗-改善-症状,,
无创通气,咳痰,治疗-改善-症状,,
无创通气,慢性咳嗽,治疗-改善-症状,,
活血,中成药,治疗-改善-症状,,
活血,失眠,治疗-改善-症状,,
活血,头晕,治疗-改善-症状,,
活血,气虚,治疗-改善-症状,,
活血,祛邪,治疗-改善-症状,,
活血,肌肉酸痛,治疗-改善-症状,cooccurrence,49_国际中医临床实践指南 慢性阻塞性肺疾病(2020)_cleaned.txt
活血,肢体酸痛,治疗-改善-症状,,
活血,胸闷,治疗-改善-症状,,
活血,腹泻,治疗-改善-症状,,
益肺灸,中成药,治疗-改善-症状,,
益肺灸,气虚,治疗-改善-症状,cooccurrence,50_慢性阻塞性肺疾病稳定期中医临床实践指南(征求意见稿)-2020年_cleaned.txt
益肾,中成药,治疗-改善-症状,,
益肾,呼吸困难,治疗-改善-症状,,
益肾,慢性咳嗽,治疗-改善-症状,,
益肾,气虚,治疗-改善-症状,,
益肾,祛邪,治疗-改善-症状,,
益肾,肺脾气虚,治疗-改善-症状,,
肺减容手术,呼吸困难,治疗-改善-症状,,
肺康复,呼吸困难,治疗-改善-症状,,
肺康复,喘息,治疗-改善-症状,,
肺康复,慢性咳嗽,治疗-改善-症状,,
肺康复,气虚,治疗-改善-症状,,
舒肺贴,中成药,治疗-改善-症状,,
补肺,中成药,治疗-改善-症状,,
补肺,乏力,治疗-改善-症状,,
补肺,呼吸困难,治疗-改善-症状,,
补肺,喘息,治疗-改善-症状,,
补肺,头晕,治疗-改善-症状,,
补肺,意识障碍,治疗-改善-症状,,
补肺,慢性咳嗽,治疗-改善-症状,,
补肺,气虚,治疗-改善-症状,,
补肺,祛邪,治疗-改善-症状,,
补肺,肺脾气虚,治疗-改善-症状,,
补肺,腹泻,治疗-改善-症状,,
补肺,腹胀,治疗-改善-症状,,
阻抗训练,慢性咳嗽,治疗-改善-症状,,
CVA,变应性鼻炎,疾病-共病,cooccurrence,22_咳嗽基层诊疗指南（2018年）_cleaned.txt
CVA,支气管炎,疾病-共病,cooccurrence,22_咳嗽基层诊疗指南（2018年）_cleaned.txt
CVA,鼻窦炎,疾病-共病,cooccurrence,30_咳嗽的诊断与治疗指南（2021）_cleaned.txt
变应性鼻炎,鼻窦炎,疾病-共病,cooccurrence,30_咳嗽的诊断与治疗指南（2021）_cleaned.txt
呼吸衰竭,肺癌,疾病-共病,cooccurrence,24_【参考】中国慢性阻塞性肺疾病基层诊疗与管理指南（2024年）(周老师参与)_cleaned.txt
心力衰竭,细支气管炎,疾病-共病,cooccurrence,21_慢性阻塞性肺疾病诊治指南（2021年修订版）-主要参考_cleaned.txt
心力衰竭,肺癌,疾病-共病,cooccurrence,24_【参考】中国慢性阻塞性肺疾病基层诊疗与管理指南（2024年）(周老师参与)_cleaned.txt
心力衰竭,肺结核,疾病-共病,cooccurrence,21_慢性阻塞性肺疾病诊治指南（2021年修订版）-主要参考_cleaned.txt
心力衰竭,骨质疏松症,疾病-共病,cooccurrence,42_慢性阻塞性肺疾病急性加重围出院期管理与随访指南（2024年版）-已解锁_cleaned.txt
心肌梗死,慢性阻塞性肺疾病,疾病-共病,cooccurrence,5_2025年GOLD慢性阻塞性肺疾病诊断、治疗、管理及预防全球策略更新要点解读_cleaned.txt
心血管疾病,糖尿病,疾病-共病,cooccurrence,23_面向全科医生的《慢性阻塞性肺疾病诊治指南（2021年修订版）》解读_cleaned.txt
心血管疾病,肺癌,疾病-共病,cooccurrence,34_慢性阻塞性肺疾病中西医结合管理专家共识(2023版)_cleaned.txt
心血管疾病,胃食管反流,疾病-共病,cooccurrence,21_慢性阻塞性肺疾病诊治指南（2021年修订版）-主要参考_cleaned.txt
心血管疾病,骨质疏松症,疾病-共病,cooccurrence,24_【参考】中国慢性阻塞性肺疾病基层诊疗与管理指南（2024年）(周老师参与)_cleaned.txt
慢性支气管炎,支气管哮喘,疾病-共病,cooccurrence,24_【参考】中国慢性阻塞性肺疾病基层诊疗与管理指南（2024年）(周老师参与)_cleaned.txt
慢性支气管炎,支气管扩张,疾病-共病,cooccurrence,22_咳嗽基层诊疗指南（2018年）_cleaned.txt
慢性支气管炎,糖尿病,疾病-共病,cooccurrence,34_慢性阻塞性肺疾病中西医结合管理专家共识(2023版)_cleaned.txt
慢性支气管炎,肺结核,疾病-共病,cooccurrence,30_咳嗽的诊断与治疗指南（2021）_cleaned.txt
慢性支气管炎,鼻窦炎,疾病-共病,cooccurrence,30_咳嗽的诊断与治疗指南（2021）_cleaned.txt
慢性阻塞性肺疾病,心血管疾病,疾病-共病,cooccurrence,24_【参考】中国慢性阻塞性肺疾病基层诊疗与管理指南（2024年）(周老师参与)_cleaned.txt
慢性阻塞性肺疾病,支气管哮喘,疾病-共病,cooccurrence,24_【参考】中国慢性阻塞性肺疾病基层诊疗与管理指南（2024年）(周老师参与)_cleaned.txt
慢性阻塞性肺疾病,支气管扩张,疾病-共病,cooccurrence,21_慢性阻塞性肺疾病诊治指南（2021年修订版）-主要参考_cleaned.txt
慢性阻塞性肺疾病,糖尿病,疾病-共病,cooccurrence,34_慢性阻塞性肺疾病中西医结合管理专家共识(2023版)_cleaned.txt
慢性阻塞性肺疾病,细支气管炎,疾病-共病,cooccurrence,8_【参考】创新药盘点系列报告-慢性阻塞性肺病治疗领域迎来新机制、新疗法_cleaned.txt
支气管哮喘,支气管炎,疾病-共病,cooccurrence,34_慢性阻塞性肺疾病中西医结合管理专家共识(2023版)_cleaned.txt
支气管哮喘,细支气管炎,疾病-共病,cooccurrence,20_【中医证候】慢性阻塞性肺疾病中医证候诊断标准（2011版）_cleaned.txt
支气管哮喘,肺炎,疾病-共病,cooccurrence,30_咳嗽的诊断与治疗指南（2021）_cleaned.txt
支气管哮喘,肺癌,疾病-共病,cooccurrence,30_咳嗽的诊断与治疗指南（2021）_cleaned.txt
支气管扩张,慢性支气管炎,疾病-共病,cooccurrence,8_【参考】创新药盘点系列报告-慢性阻塞性肺病治疗领域迎来新机制、新疗法_cleaned.txt
支气管扩张,慢性阻塞性肺疾病,疾病-共病,cooccurrence,50_慢性阻塞性肺疾病稳定期中医临床实践指南(征求意见稿)-2020年_cleaned.txt
支气管扩张,支气管哮喘,疾病-共病,cooccurrence,29_【CASA-Q量表】慢性气道炎症性疾病气道黏液高分泌管理中国专家共识_cleaned.txt
支气管扩张,细支气管炎,疾病-共病,cooccurrence,24_【参考】中国慢性阻塞性肺疾病基层诊疗与管理指南（2024年）(周老师参与)_cleaned.txt
支气管扩张,肺结核,疾病-共病,cooccurrence,24_【参考】中国慢性阻塞性肺疾病基层诊疗与管理指南（2024年）(周老师参与)_cleaned.txt
支气管炎,胃食管反流,疾病-共病,cooccurrence,35_咳嗽中医诊疗专家共识意见（2021）_cleaned.txt
支气管炎,鼻窦炎,疾病-共病,cooccurrence,30_咳嗽的诊断与治疗指南（2021）_cleaned.txt
糖尿病,支气管扩张,疾病-共病,cooccurrence,42_慢性阻塞性肺疾病急性加重围出院期管理与随访指南（2024年版）-已解锁_cleaned.txt
糖尿病,胃食管反流,疾病-共病,cooccurrence,34_慢性阻塞性肺疾病中西医结合管理专家共识(2023版)_cleaned.txt
糖尿病,贫血,疾病-共病,cooccurrence,11_【参考】慢性阻塞性肺病（COPD）治疗药物临床研究指导原则-EMA_cleaned.txt
糖尿病,阻塞性睡眠呼吸暂停,疾病-共病,cooccurrence,34_慢性阻塞性肺疾病中西医结合管理专家共识(2023版)_cleaned.txt
细支气管炎,鼻窦炎,疾病-共病,cooccurrence,21_慢性阻塞性肺疾病诊治指南（2021年修订版）-主要参考_cleaned.txt
肺动脉高压,支气管扩张,疾病-共病,cooccurrence,21_慢性阻塞性肺疾病诊治指南（2021年修订版）-主要参考_cleaned.txt
肺栓塞,慢性阻塞性肺疾病,疾病-共病,cooccurrence,20_【中医证候】慢性阻塞性肺疾病中医证候诊断标准（2011版）_cleaned.txt
肺炎,肺结核,疾病-共病,cooccurrence,22_咳嗽基层诊疗指南（2018年）_cleaned.txt
肺癌,心力衰竭,疾病-共病,cooccurrence,5_2025年GOLD慢性阻塞性肺疾病诊断、治疗、管理及预防全球策略更新要点解读_cleaned.txt
肺癌,心血管疾病,疾病-共病,cooccurrence,21_慢性阻塞性肺疾病诊治指南（2021年修订版）-主要参考_cleaned.txt
肺癌,糖尿病,疾病-共病,cooccurrence,34_慢性阻塞性肺疾病中西医结合管理专家共识(2023版)_cleaned.txt
肺癌,胃食管反流,疾病-共病,cooccurrence,34_慢性阻塞性肺疾病中西医结合管理专家共识(2023版)_cleaned.txt
肺癌,贫血,疾病-共病,cooccurrence,34_慢性阻塞性肺疾病中西医结合管理专家共识(2023版)_cleaned.txt
肺癌,阻塞性睡眠呼吸暂停,疾病-共病,cooccurrence,21_慢性阻塞性肺疾病诊治指南（2021年修订版）-主要参考_cleaned.txt
肺癌,骨质疏松症,疾病-共病,cooccurrence,42_慢性阻塞性肺疾病急性加重围出院期管理与随访指南（2024年版）-已解锁_cleaned.txt
肺结核,细支气管炎,疾病-共病,cooccurrence,21_慢性阻塞性肺疾病诊治指南（2021年修订版）-主要参考_cleaned.txt
胃食管反流,慢性阻塞性肺疾病,疾病-共病,cooccurrence,5_2025年GOLD慢性阻塞性肺疾病诊断、治疗、管理及预防全球策略更新要点解读_cleaned.txt
胃食管反流,阻塞性睡眠呼吸暂停,疾病-共病,cooccurrence,34_慢性阻塞性肺疾病中西医结合管理专家共识(2023版)_cleaned.txt
骨质疏松症,心力衰竭,疾病-共病,cooccurrence,24_【参考】中国慢性阻塞性肺疾病基层诊疗与管理指南（2024年）(周老师参与)_cleaned.txt
骨质疏松症,心血管疾病,疾病-共病,cooccurrence,24_【参考】中国慢性阻塞性肺疾病基层诊疗与管理指南（2024年）(周老师参与)_cleaned.txt
鼻窦炎,支气管炎,疾病-共病,cooccurrence,11_【参考】慢性阻塞性肺病（COPD）治疗药物临床研究指导原则-EMA_cleaned.txt
鼻窦炎,肺炎,疾病-共病,cooccurrence,11_【参考】慢性阻塞性肺病（COPD）治疗药物临床研究指导原则-EMA_cleaned.txt
呼吸衰竭,胸腔积液,疾病-并发症,,
呼吸衰竭,高碳酸血症,疾病-并发症,cooccurrence,5_2025年GOLD慢性阻塞性肺疾病诊断、治疗、管理及预防全球策略更新要点解读_cleaned.txt
心力衰竭,心绞痛,疾病-并发症,,
心力衰竭,抑郁症,疾病-并发症,,
心力衰竭,胸腔积液,疾病-并发症,,
心力衰竭,高碳酸血症,疾病-并发症,cooccurrence,21_慢性阻塞性肺疾病诊治指南（2021年修订版）-主要参考_cleaned.txt
心肌梗死,心绞痛,疾病-并发症,,
心血管疾病,代谢综合征,疾病-并发症,,
心血管疾病,心绞痛,疾病-并发症,,
心血管疾病,抑郁症,疾病-并发症,,
心血管疾病,焦虑症,疾病-并发症,,
慢性阻塞性肺疾病,代谢综合征,疾病-并发症,,
慢性阻塞性肺疾病,右心衰竭,疾病-并发症,,
慢性阻塞性肺疾病,呼吸衰竭,疾病-并发症,,
慢性阻塞性肺疾病,心力衰竭,疾病-并发症,,
慢性阻塞性肺疾病,心绞痛,疾病-并发症,,
慢性阻塞性肺疾病,心肌梗死,疾病-并发症,,
慢性阻塞性肺疾病,心血管疾病,疾病-并发症,,
慢性阻塞性肺疾病,慢性支气管炎,疾病-并发症,,
慢性阻塞性肺疾病,抑郁症,疾病-并发症,,
慢性阻塞性肺疾病,支气管哮喘,疾病-并发症,,
慢性阻塞性肺疾病,支气管扩张,疾病-并发症,,
慢性阻塞性肺疾病,支气管炎,疾病-并发症,,
慢性阻塞性肺疾病,焦虑症,疾病-并发症,,
慢性阻塞性肺疾病,糖尿病,疾病-并发症,,
慢性阻塞性肺疾病,肺动脉高压,疾病-并发症,,
慢性阻塞性肺疾病,肺栓塞,疾病-并发症,,
慢性阻塞性肺疾病,肺炎,疾病-并发症,,
慢性阻塞性肺疾病,肺癌,疾病-并发症,,
慢性阻塞性肺疾病,肺结核,疾病-并发症,,
慢性阻塞性肺疾病,胸腔积液,疾病-并发症,,
慢性阻塞性肺疾病,脉浮,疾病-并发症,,
慢性阻塞性肺疾病,贫血,疾病-并发症,,
慢性阻塞性肺疾病,阻塞性睡眠呼吸暂停,疾病-并发症,,
慢性阻塞性肺疾病,骨质疏松症,疾病-并发症,,
支气管哮喘,心绞痛,疾病-并发症,,
支气管哮喘,胸腔积液,疾病-并发症,,
支气管扩张,抑郁症,疾病-并发症,,
支气管扩张,焦虑症,疾病-并发症,,
流行性感冒,抑郁症,疾病-并发症,,
流行性感冒,焦虑症,疾病-并发症,,
糖尿病,代谢综合征,疾病-并发症,,
糖尿病,心绞痛,疾病-并发症,,
糖尿病,抑郁症,疾病-并发症,,
肺栓塞,胸腔积液,疾病-并发症,,
肺炎,心绞痛,疾病-并发症,,
肺炎,胸腔积液,疾病-并发症,,
肺癌,代谢综合征,疾病-并发症,,
肺癌,心绞痛,疾病-并发症,,
肺癌,慢性咳嗽,疾病-并发症,,
肺癌,抑郁症,疾病-并发症,,
肺癌,焦虑症,疾病-并发症,,
肺癌,胸腔积液,疾病-并发症,,
肺癌,胸闷,疾病-并发症,,
肺结核,代谢综合征,疾病-并发症,,
贫血,心绞痛,疾病-并发症,,
贫血,抑郁症,疾病-并发症,,
骨质疏松症,抑郁症,疾病-并发症,,
骨质疏松症,焦虑症,疾病-并发症,,
呼吸衰竭,无创通气,疾病-治疗,,
心力衰竭,戒烟,疾病-治疗,,
心力衰竭,无创通气,疾病-治疗,,
心力衰竭,肺减容手术,疾病-治疗,,
心力衰竭,肺康复,疾病-治疗,,
心血管疾病,戒烟,疾病-治疗,,
心血管疾病,无创通气,疾病-治疗,,
慢性支气管炎,戒烟,疾病-治疗,,
慢性阻塞性肺疾病,健脾,疾病-治疗,,
慢性阻塞性肺疾病,宣肺止咳,疾病-治疗,,
慢性阻塞性肺疾病,戒烟,疾病-治疗,,
慢性阻塞性肺疾病,手术切除,疾病-治疗,,
慢性阻塞性肺疾病,无创通气,疾病-治疗,,
慢性阻塞性肺疾病,活血,疾病-治疗,,
慢性阻塞性肺疾病,益肺灸,疾病-治疗,,
慢性阻塞性肺疾病,益肾,疾病-治疗,,
慢性阻塞性肺疾病,肺减容手术,疾病-治疗,,
慢性阻塞性肺疾病,肺康复,疾病-治疗,,
慢性阻塞性肺疾病,舒肺贴,疾病-治疗,,
慢性阻塞性肺疾病,补肺,疾病-治疗,,
慢性阻塞性肺疾病,阻抗训练,疾病-治疗,,
支气管哮喘,戒烟,疾病-治疗,,
支气管扩张,体位引流,疾病-治疗,,
支气管扩张,戒烟,疾病-治疗,,
支气管扩张,肺康复,疾病-治疗,,
肺动脉高压,活血,疾病-治疗,,
肺动脉高压,补肺,疾病-治疗,,
肺栓塞,无创通气,疾病-治疗,,
肺栓塞,肺康复,疾病-治疗,,
肺炎,戒烟,疾病-治疗,,
肺炎,无创通气,疾病-治疗,,
肺炎,肺康复,疾病-治疗,,
肺癌,戒烟,疾病-治疗,,
肺癌,手术切除,疾病-治疗,,
CVA,刺激性咳嗽,疾病-症状,cooccurrence,30_咳嗽的诊断与治疗指南（2021）_cleaned.txt
CVA,咳脓性痰,疾病-症状,cooccurrence,22_咳嗽基层诊疗指南（2018年）_cleaned.txt
CVA,喘息,疾病-症状,cooccurrence,22_咳嗽基层诊疗指南（2018年）_cleaned.txt
CVA,慢性咳嗽,疾病-症状,cooccurrence,22_咳嗽基层诊疗指南（2018年）_cleaned.txt
变应性鼻炎,变应性咳嗽,疾病-症状,,
变应性鼻炎,慢性咳嗽,疾病-症状,,
右心衰竭,意识障碍,疾病-症状,,
呼吸衰竭,乏力,疾病-症状,,
呼吸衰竭,呼吸困难,疾病-症状,,
呼吸衰竭,咳嗽加剧,疾病-症状,,
呼吸衰竭,咳痰,疾病-症状,,
呼吸衰竭,啰音,疾病-症状,cooccurrence,42_慢性阻塞性肺疾病急性加重围出院期管理与随访指南（2024年版）-已解锁_cleaned.txt
呼吸衰竭,喘息,疾病-症状,,
呼吸衰竭,头晕,疾病-症状,,
呼吸衰竭,意识障碍,疾病-症状,,
呼吸衰竭,慢性咳嗽,疾病-症状,,
呼吸衰竭,胸闷,疾病-症状,,
呼吸衰竭,腹胀,疾病-症状,,
呼吸衰竭,自汗,疾病-症状,,
复发性多软骨炎,变应性咳嗽,疾病-症状,cooccurrence,30_咳嗽的诊断与治疗指南（2021）_cleaned.txt
复发性多软骨炎,慢性咳嗽,疾病-症状,cooccurrence,30_咳嗽的诊断与治疗指南（2021）_cleaned.txt
心力衰竭,乏力,疾病-症状,,
心力衰竭,呼吸困难,疾病-症状,,
心力衰竭,头晕,疾病-症状,,
心力衰竭,心动过速,疾病-症状,,
心肌梗死,意识障碍,疾病-症状,,
心肌梗死,慢性咳嗽,疾病-症状,,
心肌梗死,绞痛,疾病-症状,cooccurrence,21_慢性阻塞性肺疾病诊治指南（2021年修订版）-主要参考_cleaned.txt
心血管疾病,呼吸困难,疾病-症状,,
慢性支气管炎,呼吸困难,疾病-症状,,
慢性支气管炎,咳痰,疾病-症状,,
慢性支气管炎,喘息,疾病-症状,,
慢性支气管炎,意识障碍,疾病-症状,,
慢性支气管炎,慢性咳嗽,疾病-症状,,
慢性支气管炎,胸闷,疾病-症状,,
慢性阻塞性肺疾病,中成药,疾病-症状,,
慢性阻塞性肺疾病,乏力,疾病-症状,,
慢性阻塞性肺疾病,呼吸困难,疾病-症状,,
慢性阻塞性肺疾病,咳嗽加剧,疾病-症状,,
慢性阻塞性肺疾病,咳痰,疾病-症状,,
慢性阻塞性肺疾病,啰音,疾病-症状,cooccurrence,24_【参考】中国慢性阻塞性肺疾病基层诊疗与管理指南（2024年）(周老师参与)_cleaned.txt
慢性阻塞性肺疾病,喘息,疾病-症状,,
慢性阻塞性肺疾病,失眠,疾病-症状,,
慢性阻塞性肺疾病,头晕,疾病-症状,,
慢性阻塞性肺疾病,头痛,疾病-症状,,
慢性阻塞性肺疾病,心动过速,疾病-症状,,
慢性阻塞性肺疾病,意识障碍,疾病-症状,,
慢性阻塞性肺疾病,慢性咳嗽,疾病-症状,,
慢性阻塞性肺疾病,气虚,疾病-症状,,
慢性阻塞性肺疾病,流清涕,疾病-症状,,
慢性阻塞性肺疾病,祛邪,疾病-症状,,
慢性阻塞性肺疾病,肢体酸痛,疾病-症状,,
慢性阻塞性肺疾病,肺脾气虚,疾病-症状,,
慢性阻塞性肺疾病,胸闷,疾病-症状,,
慢性阻塞性肺疾病,腹泻,疾病-症状,,
慢性阻塞性肺疾病,腹胀,疾病-症状,,
慢性阻塞性肺疾病,自汗,疾病-症状,,
慢性阻塞性肺疾病,风寒袭肺,疾病-症状,,
支气管哮喘,中成药,疾病-症状,,
支气管哮喘,乏力,疾病-症状,,
支气管哮喘,呼吸困难,疾病-症状,,
支气管哮喘,咳痰,疾病-症状,,
支气管哮喘,喘息,疾病-症状,,
支气管哮喘,意识障碍,疾病-症状,,
支气管哮喘,慢性咳嗽,疾病-症状,,
支气管哮喘,气虚,疾病-症状,,
支气管哮喘,胸闷,疾病-症状,,
支气管扩张,中成药,疾病-症状,,
支气管扩张,变应性咳嗽,疾病-症状,,
支气管扩张,呼吸困难,疾病-症状,,
支气管扩张,咳痰,疾病-症状,,
支气管扩张,啰音,疾病-症状,cooccurrence,21_慢性阻塞性肺疾病诊治指南（2021年修订版）-主要参考_cleaned.txt
支气管扩张,喘息,疾病-症状,,
支气管扩张,慢性咳嗽,疾病-症状,,
支气管炎,呼吸困难,疾病-症状,,
支气管炎,咳痰,疾病-症状,,
支气管炎,喘息,疾病-症状,cooccurrence,22_咳嗽基层诊疗指南（2018年）_cleaned.txt
支气管炎,头痛,疾病-症状,,
支气管炎,慢性咳嗽,疾病-症状,,
气道炎症,咳痰,疾病-症状,cooccurrence,29_【CASA-Q量表】慢性气道炎症性疾病气道黏液高分泌管理中国专家共识_cleaned.txt
气道炎症,喘息,疾病-症状,cooccurrence,24_【参考】中国慢性阻塞性肺疾病基层诊疗与管理指南（2024年）(周老师参与)_cleaned.txt
气道炎症,慢性咳嗽,疾病-症状,cooccurrence,22_咳嗽基层诊疗指南（2018年）_cleaned.txt
气道神经源性炎症,慢性咳嗽,疾病-症状,cooccurrence,30_咳嗽的诊断与治疗指南（2021）_cleaned.txt
流行性感冒,慢性咳嗽,疾病-症状,,
糖尿病,呼吸困难,疾病-症状,,
糖尿病,咳痰,疾病-症状,,
糖尿病,慢性咳嗽,疾病-症状,,
结核中毒症状,咳痰,疾病-症状,,
结核中毒症状,慢性咳嗽,疾病-症状,,
肺动脉高压,呼吸困难,疾病-症状,,
肺动脉高压,啰音,疾病-症状,cooccurrence,50_慢性阻塞性肺疾病稳定期中医临床实践指南(征求意见稿)-2020年_cleaned.txt
肺动脉高压,头晕,疾病-症状,,
肺动脉高压,意识障碍,疾病-症状,,
肺动脉高压,气虚,疾病-症状,,
肺栓塞,呼吸困难,疾病-症状,,
肺栓塞,慢性咳嗽,疾病-症状,,
肺炎,乏力,疾病-症状,,
肺炎,呼吸困难,疾病-症状,,
肺炎,咳痰,疾病-症状,,
肺炎,啰音,疾病-症状,cooccurrence,24_【参考】中国慢性阻塞性肺疾病基层诊疗与管理指南（2024年）(周老师参与)_cleaned.txt
肺炎,喘息,疾病-症状,,
肺炎,心动过速,疾病-症状,,
肺炎,意识障碍,疾病-症状,,
肺炎,慢性咳嗽,疾病-症状,,
肺炎,腹泻,疾病-症状,,
肺癌,乏力,疾病-症状,,
肺癌,呼吸困难,疾病-症状,,
肺癌,慢性咳嗽,疾病-症状,cooccurrence,30_咳嗽的诊断与治疗指南（2021）_cleaned.txt
肺癌,胸闷,疾病-症状,cooccurrence,34_慢性阻塞性肺疾病中西医结合管理专家共识(2023版)_cleaned.txt
肺结核,慢性咳嗽,疾病-症状,,
胃食管反流,呼吸困难,疾病-症状,cooccurrence,21_慢性阻塞性肺疾病诊治指南（2021年修订版）-主要参考_cleaned.txt
胃食管反流,慢性咳嗽,疾病-症状,cooccurrence,22_咳嗽基层诊疗指南（2018年）_cleaned.txt
阻塞性睡眠呼吸暂停,失眠,疾病-症状,,
非变应性鼻炎,喘息,疾病-症状,,
非变应性鼻炎,慢性咳嗽,疾病-症状,,
鼻后滴流综合征,慢性咳嗽,疾病-症状,cooccurrence,22_咳嗽基层诊疗指南（2018年）_cleaned.txt
鼻窦炎,头痛,疾病-症状,,
鼻窦炎,慢性咳嗽,疾病-症状,,
鼻窦炎症状,慢性咳嗽,疾病-症状,,
ACEI,慢性咳嗽,药物-导致-并发症,,
支气管舒张剂,咳痰,药物-导致-并发症,,
支气管舒张剂,高碳酸血症,药物-导致-并发症,cooccurrence,38_【主要参考】慢性阻塞性肺疾病急性加重诊治中国专家共识(2023年修订版)-已解锁_cleaned.txt
激动剂,心绞痛,药物-导致-并发症,cooccurrence,21_慢性阻塞性肺疾病诊治指南（2021年修订版）-主要参考_cleaned.txt
糖皮质激素,高碳酸血症,药物-导致-并发症,cooccurrence,21_慢性阻塞性肺疾病诊治指南（2021年修订版）-主要参考_cleaned.txt
罗氟司特,抑郁症,药物-导致-并发症,cooccurrence,21_慢性阻塞性肺疾病诊治指南（2021年修订版）-主要参考_cleaned.txt
茶碱类药物,抑郁症,药物-导致-并发症,cooccurrence,68_2022_慢性阻塞性肺疾病免疫调节治疗专家共识_cleaned.txt
ACEI,肺癌,药物-治疗-疾病,,
ACEI,鼻窦炎,药物-治疗-疾病,,
CT,慢性阻塞性肺疾病,药物-治疗-疾病,,
CT,肺结核,药物-治疗-疾病,,
ICS联合LABA,心肌梗死,药物-治疗-疾病,,
ICS联合LABA,心血管疾病,药物-治疗-疾病,,
ICS联合LABA,慢性阻塞性肺疾病,药物-治疗-疾病,,
ICS联合LABA,支气管哮喘,药物-治疗-疾病,,
ICS联合LABA,支气管扩张,药物-治疗-疾病,,
ICS联合LABA,支气管炎,药物-治疗-疾病,,
LABA联合LAMA,心肌梗死,药物-治疗-疾病,,
LABA联合LAMA,心血管疾病,药物-治疗-疾病,,
LABA联合LAMA,慢性阻塞性肺疾病,药物-治疗-疾病,,
LABA联合LAMA,支气管哮喘,药物-治疗-疾病,,
LABA联合LAMA,肺炎,药物-治疗-疾病,,
LABA联合LAMA,肺结核,药物-治疗-疾病,,
他汀类药物,心血管疾病,药物-治疗-疾病,,
他汀类药物,慢性支气管炎,药物-治疗-疾病,,
他汀类药物,慢性阻塞性肺疾病,药物-治疗-疾病,,
他汀类药物,支气管扩张,药物-治疗-疾病,,
他汀类药物,肺炎,药物-治疗-疾病,,
免疫调节剂,慢性阻塞性肺疾病,药物-治疗-疾病,,
免疫调节剂,支气管扩张,药物-治疗-疾病,,
减充血剂,支气管哮喘,药物-治疗-疾病,,
减充血剂,支气管炎,药物-治疗-疾病,,
减充血剂,非变应性鼻炎,药物-治疗-疾病,,
受体阻断剂,心力衰竭,药物-治疗-疾病,,
受体阻断剂,慢性阻塞性肺疾病,药物-治疗-疾病,,
口服抗菌药物,呼吸衰竭,药物-治疗-疾病,,
口服抗菌药物,慢性阻塞性肺疾病,药物-治疗-疾病,,
口服抗菌药物,支气管哮喘,药物-治疗-疾病,,
吸入性糖皮质激素,心肌梗死,药物-治疗-疾病,,
吸入性糖皮质激素,心血管疾病,药物-治疗-疾病,,
吸入性糖皮质激素,慢性支气管炎,药物-治疗-疾病,,
吸入性糖皮质激素,慢性阻塞性肺疾病,药物-治疗-疾病,,
吸入性糖皮质激素,支气管哮喘,药物-治疗-疾病,,
吸入性糖皮质激素,支气管扩张,药物-治疗-疾病,,
吸入性糖皮质激素,肺炎,药物-治疗-疾病,,
吸入性糖皮质激素,肺结核,药物-治疗-疾病,,
吸入性糖皮质激素,自汗,药物-治疗-疾病,,
吸入性糖皮质激素,阻塞性睡眠呼吸暂停,药物-治疗-疾病,,
吸入性糖皮质激素,鼻窦炎,药物-治疗-疾病,,
吸入药物,心力衰竭,药物-治疗-疾病,,
吸入药物,心肌梗死,药物-治疗-疾病,,
吸入药物,心血管疾病,药物-治疗-疾病,,
吸入药物,慢性阻塞性肺疾病,药物-治疗-疾病,,
吸入药物,肺栓塞,药物-治疗-疾病,,
噻托溴铵,慢性阻塞性肺疾病,药物-治疗-疾病,cooccurrence,21_慢性阻塞性肺疾病诊治指南（2021年修订版）-主要参考_cleaned.txt
左氧氟沙星,肺炎,药物-治疗-疾病,cooccurrence,38_【主要参考】慢性阻塞性肺疾病急性加重诊治中国专家共识(2023年修订版)-已解锁_cleaned.txt
布地奈德,慢性阻塞性肺疾病,药物-治疗-疾病,cooccurrence,50_慢性阻塞性肺疾病稳定期中医临床实践指南(征求意见稿)-2020年_cleaned.txt
度普利尤单抗,慢性阻塞性肺疾病,药物-治疗-疾病,,
恩塞芬汀,慢性阻塞性肺疾病,药物-治疗-疾病,,
抗组胺药物,支气管炎,药物-治疗-疾病,,
抗组胺药物,结核中毒症状,药物-治疗-疾病,,
抗胆碱能药物,慢性阻塞性肺疾病,药物-治疗-疾病,,
抗胆碱能药物,支气管扩张,药物-治疗-疾病,,
抗胆碱能药物,糖尿病,药物-治疗-疾病,,
抗菌药物,心力衰竭,药物-治疗-疾病,,
抗菌药物,慢性阻塞性肺疾病,药物-治疗-疾病,,
抗菌药物,支气管炎,药物-治疗-疾病,,
抗菌药物,肺栓塞,药物-治疗-疾病,,
抗菌药物,肺炎,药物-治疗-疾病,,
抗菌药物,鼻窦炎,药物-治疗-疾病,,
支气管舒张剂,CVA,药物-治疗-疾病,cooccurrence,30_咳嗽的诊断与治疗指南（2021）_cleaned.txt
支气管舒张剂,右心衰竭,药物-治疗-疾病,,
支气管舒张剂,呼吸衰竭,药物-治疗-疾病,,
支气管舒张剂,心力衰竭,药物-治疗-疾病,,
支气管舒张剂,心肌梗死,药物-治疗-疾病,,
支气管舒张剂,心血管疾病,药物-治疗-疾病,,
支气管舒张剂,慢性阻塞性肺疾病,药物-治疗-疾病,,
支气管舒张剂,支气管哮喘,药物-治疗-疾病,,
支气管舒张剂,支气管扩张,药物-治疗-疾病,,
支气管舒张剂,气道炎症,药物-治疗-疾病,cooccurrence,29_【CASA-Q量表】慢性气道炎症性疾病气道黏液高分泌管理中国专家共识_cleaned.txt
支气管舒张剂,肺炎,药物-治疗-疾病,,
支气管舒张剂,肺癌,药物-治疗-疾病,,
支气管舒张剂,自汗,药物-治疗-疾病,,
沙丁胺醇,慢性阻塞性肺疾病,药物-治疗-疾病,cooccurrence,34_慢性阻塞性肺疾病中西医结合管理专家共识(2023版)_cleaned.txt
激动剂,CVA,药物-治疗-疾病,cooccurrence,30_咳嗽的诊断与治疗指南（2021）_cleaned.txt
激动剂,变应性鼻炎,药物-治疗-疾病,,
激动剂,心力衰竭,药物-治疗-疾病,,
激动剂,慢性阻塞性肺疾病,药物-治疗-疾病,,
激动剂,支气管扩张,药物-治疗-疾病,,
激动剂,支气管炎,药物-治疗-疾病,,
激动剂,肺炎,药物-治疗-疾病,,
激动剂,肺结核,药物-治疗-疾病,,
激动剂,自汗,药物-治疗-疾病,,
生物制剂,慢性支气管炎,药物-治疗-疾病,,
生物制剂,慢性阻塞性肺疾病,药物-治疗-疾病,,
短效β2受体激动剂,呼吸衰竭,药物-治疗-疾病,,
短效β2受体激动剂,慢性阻塞性肺疾病,药物-治疗-疾病,,
短效β2受体激动剂,支气管扩张,药物-治疗-疾病,,
短效β2受体激动剂,肺栓塞,药物-治疗-疾病,,
短效β2受体激动剂,肺癌,药物-治疗-疾病,,
磷酸二酯酶抑制剂,慢性阻塞性肺疾病,药物-治疗-疾病,,
福莫特罗,慢性阻塞性肺疾病,药物-治疗-疾病,cooccurrence,50_慢性阻塞性肺疾病稳定期中医临床实践指南(征求意见稿)-2020年_cleaned.txt
第一代抗组胺药物,支气管炎,药物-治疗-疾病,,
糖皮质激素,变应性鼻炎,药物-治疗-疾病,,
糖皮质激素,呼吸衰竭,药物-治疗-疾病,,
糖皮质激素,心力衰竭,药物-治疗-疾病,,
糖皮质激素,心血管疾病,药物-治疗-疾病,,
糖皮质激素,慢性阻塞性肺疾病,药物-治疗-疾病,,
糖皮质激素,支气管哮喘,药物-治疗-疾病,,
糖皮质激素,支气管扩张,药物-治疗-疾病,,
糖皮质激素,气道炎症,药物-治疗-疾病,cooccurrence,29_【CASA-Q量表】慢性气道炎症性疾病气道黏液高分泌管理中国专家共识_cleaned.txt
糖皮质激素,结核中毒症状,药物-治疗-疾病,,
糖皮质激素,肺动脉高压,药物-治疗-疾病,,
糖皮质激素,肺栓塞,药物-治疗-疾病,,
糖皮质激素,肺炎,药物-治疗-疾病,,
糖皮质激素,鼻窦炎,药物-治疗-疾病,,
线胸片,变应性鼻炎,药物-治疗-疾病,,
线胸片,呼吸衰竭,药物-治疗-疾病,,
线胸片,心力衰竭,药物-治疗-疾病,,
线胸片,慢性支气管炎,药物-治疗-疾病,,
线胸片,慢性阻塞性肺疾病,药物-治疗-疾病,,
线胸片,支气管哮喘,药物-治疗-疾病,,
线胸片,支气管扩张,药物-治疗-疾病,,
线胸片,肺栓塞,药物-治疗-疾病,,
线胸片,肺炎,药物-治疗-疾病,,
线胸片,肺癌,药物-治疗-疾病,,
线胸片,肺结核,药物-治疗-疾病,,
羧甲司坦,心力衰竭,药物-治疗-疾病,,
羧甲司坦,慢性阻塞性肺疾病,药物-治疗-疾病,,
羧甲司坦,支气管哮喘,药物-治疗-疾病,,
联合制剂,慢性阻塞性肺疾病,药物-治疗-疾病,,
苏子降气丸,慢性阻塞性肺疾病,药物-治疗-疾病,,
茶碱,慢性阻塞性肺疾病,药物-治疗-疾病,cooccurrence,50_慢性阻塞性肺疾病稳定期中医临床实践指南(征求意见稿)-2020年_cleaned.txt
茶碱类药物,慢性阻塞性肺疾病,药物-治疗-疾病,,
长效β2受体激动剂,心力衰竭,药物-治疗-疾病,,
长效β2受体激动剂,心肌梗死,药物-治疗-疾病,,
长效β2受体激动剂,心血管疾病,药物-治疗-疾病,,
长效β2受体激动剂,慢性支气管炎,药物-治疗-疾病,,
长效β2受体激动剂,慢性阻塞性肺疾病,药物-治疗-疾病,,
长效β2受体激动剂,支气管哮喘,药物-治疗-疾病,,
长效β2受体激动剂,支气管扩张,药物-治疗-疾病,,
长效β2受体激动剂,肺动脉高压,药物-治疗-疾病,,
长效β2受体激动剂,肺炎,药物-治疗-疾病,,
长效β2受体激动剂,自汗,药物-治疗-疾病,,
长效毒蕈碱拮抗剂,心肌梗死,药物-治疗-疾病,,
长效毒蕈碱拮抗剂,心血管疾病,药物-治疗-疾病,,
长效毒蕈碱拮抗剂,慢性支气管炎,药物-治疗-疾病,,
长效毒蕈碱拮抗剂,慢性阻塞性肺疾病,药物-治疗-疾病,,
长效毒蕈碱拮抗剂,支气管哮喘,药物-治疗-疾病,,
长效毒蕈碱拮抗剂,支气管扩张,药物-治疗-疾病,,
长效毒蕈碱拮抗剂,糖尿病,药物-治疗-疾病,,
长效毒蕈碱拮抗剂,肺动脉高压,药物-治疗-疾病,,
长效毒蕈碱拮抗剂,肺炎,药物-治疗-疾病,,
长效毒蕈碱拮抗剂,自汗,药物-治疗-疾病,,
黏液溶解剂,心力衰竭,药物-治疗-疾病,,
黏液溶解剂,慢性阻塞性肺疾病,药物-治疗-疾病,,
ICS联合LABA,呼吸困难,药物-缓解-症状,,
LABA联合LAMA,呼吸困难,药物-缓解-症状,,
LABA联合LAMA,喘息,药物-缓解-症状,,
LABA联合LAMA,慢性咳嗽,药物-缓解-症状,,
LABA联合LAMA,气虚,药物-缓解-症状,,
LABA联合LAMA,肺脾气虚,药物-缓解-症状,,
中枢性镇咳药,慢性咳嗽,药物-缓解-症状,,
他汀类药物,慢性咳嗽,药物-缓解-症状,,
促胃动力药,慢性咳嗽,药物-缓解-症状,,
减充血剂,喘息,药物-缓解-症状,,
减充血剂,慢性咳嗽,药物-缓解-症状,,
受体阻断剂,慢性咳嗽,药物-缓解-症状,,
口服抗菌药物,慢性咳嗽,药物-缓解-症状,,
吸入性糖皮质激素,乏力,药物-缓解-症状,,
吸入性糖皮质激素,呼吸困难,药物-缓解-症状,,
吸入性糖皮质激素,喘息,药物-缓解-症状,,
吸入性糖皮质激素,心动过速,药物-缓解-症状,,
吸入性糖皮质激素,慢性咳嗽,药物-缓解-症状,,
吸入性糖皮质激素,气虚,药物-缓解-症状,,
吸入性糖皮质激素,肺脾气虚,药物-缓解-症状,,
吸入性糖皮质激素,腹胀,药物-缓解-症状,,
吸入药物,呼吸困难,药物-缓解-症状,,
吸入药物,喘息,药物-缓解-症状,,
吸入药物,慢性咳嗽,药物-缓解-症状,,
吸入药物,气虚,药物-缓解-症状,,
吸入药物,肺脾气虚,药物-缓解-症状,,
噻托溴铵,呼吸困难,药物-缓解-症状,cooccurrence,38_【主要参考】慢性阻塞性肺疾病急性加重诊治中国专家共识(2023年修订版)-已解锁_cleaned.txt
度普利尤单抗,呼吸困难,药物-缓解-症状,cooccurrence,5_2025年GOLD慢性阻塞性肺疾病诊断、治疗、管理及预防全球策略更新要点解读_cleaned.txt
恩塞芬汀,呼吸困难,药物-缓解-症状,cooccurrence,5_2025年GOLD慢性阻塞性肺疾病诊断、治疗、管理及预防全球策略更新要点解读_cleaned.txt
抑酸药物,慢性咳嗽,药物-缓解-症状,,
抗胆碱能药物,喘息,药物-缓解-症状,,
抗胆碱能药物,慢性咳嗽,药物-缓解-症状,,
抗菌药物,呼吸困难,药物-缓解-症状,,
抗菌药物,喘息,药物-缓解-症状,,
抗菌药物,意识障碍,药物-缓解-症状,,
抗菌药物,慢性咳嗽,药物-缓解-症状,,
支气管舒张剂,乏力,药物-缓解-症状,,
支气管舒张剂,呼吸困难,药物-缓解-症状,,
支气管舒张剂,咳痰,药物-缓解-症状,cooccurrence,23_面向全科医生的《慢性阻塞性肺疾病诊治指南（2021年修订版）》解读_cleaned.txt
支气管舒张剂,喘息,药物-缓解-症状,,
支气管舒张剂,慢性咳嗽,药物-缓解-症状,,
支气管舒张剂,气虚,药物-缓解-症状,,
支气管舒张剂,肺脾气虚,药物-缓解-症状,,
支气管舒张剂,胸闷,药物-缓解-症状,cooccurrence,34_慢性阻塞性肺疾病中西医结合管理专家共识(2023版)_cleaned.txt
氟替卡松,啰音,药物-缓解-症状,cooccurrence,22_咳嗽基层诊疗指南（2018年）_cleaned.txt
沙丁胺醇,呼吸困难,药物-缓解-症状,cooccurrence,34_慢性阻塞性肺疾病中西医结合管理专家共识(2023版)_cleaned.txt
激动剂,中成药,药物-缓解-症状,,
激动剂,乏力,药物-缓解-症状,,
激动剂,喘息,药物-缓解-症状,,
激动剂,心动过速,药物-缓解-症状,,
激动剂,慢性咳嗽,药物-缓解-症状,,
激动剂,肺脾气虚,药物-缓解-症状,,
激动剂,腹胀,药物-缓解-症状,,
短效β2受体激动剂,呼吸困难,药物-缓解-症状,,
第一代抗组胺药物,慢性咳嗽,药物-缓解-症状,,
糖皮质激素,中成药,药物-缓解-症状,,
糖皮质激素,呼吸困难,药物-缓解-症状,,
糖皮质激素,啰音,药物-缓解-症状,cooccurrence,22_咳嗽基层诊疗指南（2018年）_cleaned.txt
糖皮质激素,喘息,药物-缓解-症状,,
糖皮质激素,心动过速,药物-缓解-症状,,
糖皮质激素,慢性咳嗽,药物-缓解-症状,cooccurrence,22_咳嗽基层诊疗指南（2018年）_cleaned.txt
线胸片,变应性咳嗽,药物-缓解-症状,,
线胸片,呼吸困难,药物-缓解-症状,,
线胸片,咳痰,药物-缓解-症状,,
线胸片,头痛,药物-缓解-症状,,
线胸片,慢性咳嗽,药物-缓解-症状,,
线胸片,流清涕,药物-缓解-症状,,
线胸片,脉浮,药物-缓解-症状,,
罗氟司特,呼吸困难,药物-缓解-症状,cooccurrence,21_慢性阻塞性肺疾病诊治指南（2021年修订版）-主要参考_cleaned.txt
羧甲司坦,呼吸困难,药物-缓解-症状,,
羧甲司坦,慢性咳嗽,药物-缓解-症状,,
联合制剂,气虚,药物-缓解-症状,,
苏子降气丸,中成药,药物-缓解-症状,,
苏子降气丸,咳痰,药物-缓解-症状,,
苏子降气丸,流清涕,药物-缓解-症状,,
茶碱,呼吸困难,药物-缓解-症状,cooccurrence,21_慢性阻塞性肺疾病诊治指南（2021年修订版）-主要参考_cleaned.txt
茶碱,胸闷,药物-缓解-症状,cooccurrence,30_咳嗽的诊断与治疗指南（2021）_cleaned.txt
镇咳药物,慢性咳嗽,药物-缓解-症状,,
长效β2受体激动剂,乏力,药物-缓解-症状,,
长效β2受体激动剂,呼吸困难,药物-缓解-症状,,
长效β2受体激动剂,喘息,药物-缓解-症状,,
长效β2受体激动剂,头晕,药物-缓解-症状,,
长效β2受体激动剂,头痛,药物-缓解-症状,,
长效β2受体激动剂,慢性咳嗽,药物-缓解-症状,,
长效β2受体激动剂,气虚,药物-缓解-症状,,
长效β2受体激动剂,肺脾气虚,药物-缓解-症状,,
长效β2受体激动剂,腹胀,药物-缓解-症状,,
长效毒蕈碱拮抗剂,乏力,药物-缓解-症状,,
长效毒蕈碱拮抗剂,呼吸困难,药物-缓解-症状,,
长效毒蕈碱拮抗剂,喘息,药物-缓解-症状,,
长效毒蕈碱拮抗剂,慢性咳嗽,药物-缓解-症状,,
长效毒蕈碱拮抗剂,气虚,药物-缓解-症状,,
长效毒蕈碱拮抗剂,肺脾气虚,药物-缓解-症状,,
长效毒蕈碱拮抗剂,腹胀,药物-缓解-症状,,
黏液溶解剂,慢性咳嗽,药物-缓解-症状,,
ACEI,支气管扩张,诱发-急性加重,,
ACEI,阻塞性睡眠呼吸暂停,诱发-急性加重,,
CT,呼吸困难,诱发-急性加重,,
CT,心力衰竭,诱发-急性加重,,
呼吸道感染,呼吸衰竭,诱发-急性加重,,
呼吸道感染,心力衰竭,诱发-急性加重,,
呼吸道感染,心肌梗死,诱发-急性加重,,
呼吸道感染,慢性支气管炎,诱发-急性加重,,
呼吸道感染,慢性阻塞性肺疾病,诱发-急性加重,,
呼吸道感染,支气管哮喘,诱发-急性加重,,
呼吸道感染,支气管炎,诱发-急性加重,,
呼吸道感染,流行性感冒,诱发-急性加重,,
呼吸道感染,糖尿病,诱发-急性加重,,
呼吸道感染,肺栓塞,诱发-急性加重,,
呼吸道感染,肺炎,诱发-急性加重,,
呼吸道感染,贫血,诱发-急性加重,,
呼吸道感染,鼻窦炎,诱发-急性加重,,
心肌梗死,慢性咳嗽,诱发-急性加重,,
慢性阻塞性肺疾病,乏力,诱发-急性加重,,
慢性阻塞性肺疾病,心动过速,诱发-急性加重,,
慢性阻塞性肺疾病,肌肉酸痛,诱发-急性加重,,
戒烟,中成药,诱发-急性加重,,
抗感染,呼吸衰竭,诱发-急性加重,,
抗感染,心力衰竭,诱发-急性加重,,
抗感染,慢性阻塞性肺疾病,诱发-急性加重,,
抗感染,支气管哮喘,诱发-急性加重,,
抗感染,支气管扩张,诱发-急性加重,,
抗感染,支气管炎,诱发-急性加重,,
抗感染,肺炎,诱发-急性加重,,
抗感染,鼻窦炎,诱发-急性加重,,
抗组胺药物,慢性咳嗽,诱发-急性加重,,
支气管哮喘,心动过速,诱发-急性加重,,
支气管炎,喘息,诱发-急性加重,,
支气管炎,心动过速,诱发-急性加重,,
气候变化,支气管哮喘,诱发-急性加重,,
污染物,支气管哮喘,诱发-急性加重,,
污染物,支气管炎,诱发-急性加重,,
活血,呼吸困难,诱发-急性加重,,
混合感染,支气管哮喘,诱发-急性加重,,
混合感染,鼻窦炎,诱发-急性加重,,
空气污染,心力衰竭,诱发-急性加重,,
空气污染,支气管哮喘,诱发-急性加重,,
空气污染,肺栓塞,诱发-急性加重,,
糖皮质激素,慢性咳嗽,诱发-急性加重,,
细菌感染,呼吸衰竭,诱发-急性加重,,
细菌感染,慢性阻塞性肺疾病,诱发-急性加重,,
细菌感染,支气管哮喘,诱发-急性加重,,
细菌感染,支气管扩张,诱发-急性加重,,
细菌感染,肺炎,诱发-急性加重,,
肺减容手术,慢性阻塞性肺疾病,诱发-急性加重,,
肺功能,乏力,诱发-急性加重,,
肺功能,肌肉酸痛,诱发-急性加重,,
肺功能,肺栓塞,诱发-急性加重,,
肺功能,贫血,诱发-急性加重,,
肺康复,慢性阻塞性肺疾病,诱发-急性加重,,
肺癌,咳痰,诱发-急性加重,,
肺结核,呼吸困难,诱发-急性加重,,
肺结核,咳痰,诱发-急性加重,,
肺结核,慢性咳嗽,诱发-急性加重,,
血常规,变应性鼻炎,诱发-急性加重,,
阻塞性睡眠呼吸暂停,慢性咳嗽,诱发-急性加重,,
