head,tail,relation,context
慢性阻塞性肺疾病,慢性咳嗽,疾病-症状,...积 依据上述肺功能分级和对症状及急性加重风GOLD FEV表慢性阻塞性肺疾病（慢阻肺）患者自我评估测试问卷（ 问卷）［］CAT症状 评分...
慢性阻塞性肺疾病,咳痰,疾病-症状,...专家共识写作组，确定 接触史，并存在以下临床症状：慢性咳嗽、咳痰、共识撰写体例、大纲，基于循证证据和专家临床经验， 呼吸困难...
慢性阻塞性肺疾病,呼吸困难,疾病-症状,...AECOPD南制定了慢阻肺自我管理中的常用工具和文件示例 或呼吸困难，可参照相应路径调整治疗策略（证据表慢性阻塞性肺疾病（简称慢阻肺）患者应该学会的自我管理知识与技能（患者解读版）...
呼吸衰竭,呼吸困难,疾病-症状,...的胃肠功能具有保护作用，较对照组可降低善慢阻肺急性加重期合并呼吸衰竭患者神疲乏力、心 GSRS评分（MD -，%CI：-.~-.），改善患者悸气短、自汗盗汗等症状，缓解呼吸困难。
支气管哮喘,呼吸困难,疾病-症状,... 是取暖吗 . 未来急性加重风险评估 患者在最近 d内出否现呼吸困难和/或咳嗽、咳痰的恶化，同时可伴有呼您父母、兄弟姐妹及子女中， 是是否有人患有支气管哮喘、慢 否吸急促和/或心动过速，通常与感
慢性阻塞性肺疾病,头痛,疾病-症状,...咳嗽、咳痰时间（MD联合使用可有效缓解慢阻肺患者发热，咳嗽，头痛，咽 -.，%CI：-.~-.）以及发热时间（MD -.，痛...
慢性阻塞性肺疾病,失眠,疾病-症状,...停（ 一、治疗目标obstructive sleep， ）和失眠 慢阻肺稳定期治疗目标是减轻当前症状和降apnea OSA慢...
慢性阻塞性肺疾病,心动过速,疾病-症状,"...菌 其次为铜绿假单胞菌 革兰阴性肠杆菌d , , 、 、或 心动过速 通常是因为呼吸道感染 空气污 金黄色葡萄球菌和副流感嗜血杆..."
慢性阻塞性肺疾病,喘息,疾病-症状,...亡率显著下降，年龄标准化气道炎症性疾病，临床表现为反复发作的喘息、气 死亡率和 率相较 年分别降低了DALY.%急，伴或不伴...
慢性阻塞性肺疾病,胸闷,疾病-症状,...积 依据上述肺功能分级和对症状及急性加重风GOLD FEV表慢性阻塞性肺疾病（慢阻肺）患者自我评估测试问卷（ 问卷）［］CAT症状 评分（分） 症状我从不咳嗽 我总是咳嗽我肺里一点痰都没有 我肺
慢性阻塞性肺疾病,咳嗽加剧,疾病-症状,"...AECOPD 既往有创机械通气治疗记录重 常伴有喘息 胸闷 咳嗽加剧 痰量增加 痰, 、 、 、 、 医疗保健体系情况液颜色和 ..."
心肌梗死,意识障碍,疾病-症状,...氧疗，考查患者体力活心血管系统功能不稳定（低血压、心律失常和心肌梗死） 动和日常活动的能力，了解患者的症状（如mMRC嗜睡、意识障碍或患者不合作 或 问卷）以及合并症的情况。
慢性阻塞性肺疾病,乏力,疾病-症状,...中存在的一些问ACO高度警惕合并肺癌的可能：不明原因的发热、乏力、 题：（） 的病情评估是按照慢阻肺的 、、、ACOS A ...
心力衰竭,呼吸困难,疾病-症状,...规治疗基础上加用无创通气，可状与慢阻肺类似，可能被忽视，例如心力衰竭导致 改善因慢阻肺急性加重所致高碳酸血症患者和心的呼吸困难，抑郁症导致的乏力及体能下降等。
心力衰竭,乏力,疾病-症状,...规治疗基础上加用无创通气，可状与慢阻肺类似，可能被忽视，例如心力衰竭导致 改善因慢阻肺急性加重所致高碳酸血症患者和心的呼吸困难，抑郁症导致的乏力及体能下降等。
肺癌,慢性咳嗽,疾病-症状,...治 中医中药：中医常将感冒分为风寒感冒、风热疗无效的不明原因慢性咳嗽患者，支气管镜检查可 感冒、暑湿感冒等类型，治疗原则是疏风解表（荆防败用于诊断或排除气道腔病变导致的咳嗽病因，如支 毒散）、辛
肺炎,慢性咳嗽,疾病-症状,"...咳嗽 咳痰症状加重 的 种病原体是流感嗜血杆菌 卡他莫拉菌和肺炎( ) 、 ,、症状恶化发生在 内 可能伴有呼吸急促和 链球..."
肺结核,慢性咳嗽,疾病-症状,>ml据 线胸片检查有无异常将慢性咳嗽分为两类：一 多数慢性咳嗽患者可获明确诊断，并在针对性类为 线胸片有明确病变者，如肺炎、肺结核、支气 治疗后治愈或缓解。
支气管哮喘,慢性咳嗽,疾病-症状,随着慢阻肺规范化诊疗与全病程管理的推行，哮喘是由多种细胞以及细胞组分参与的慢性 年我国慢阻肺死亡率显著下降，年龄标准化气...
支气管炎,慢性咳嗽,疾病-症状,...哮喘、慢 否吸急促和/或心动过速，通常与感染、污染物或其他性支气管炎、肺气肿或慢阻肺诱因所致的肺部和全身炎症反应增加有关［］。
心肌梗死,慢性咳嗽,疾病-症状,... （二）急性气管 支气管炎能是少数严重疾病的征象之一，如急性心肌梗死、 急性气管 支气管炎是由生物性或非生物性因左心功能不全、肺...
肺栓塞,慢性咳嗽,疾病-症状,...管 支气管炎是由生物性或非生物性因左心功能不全、肺炎、气胸、肺栓塞及异物吸入。
支气管哮喘,喘息,疾病-症状,...亡率显著下降，年龄标准化气道炎症性疾病，临床表现为反复发作的喘息、气 死亡率和 率相较 年分别降低了DALY.%急，伴或不伴...
支气管扩张,慢性咳嗽,疾病-症状,大环内酯类药物有助于改善稳定‑~dCB十、其他慢性咳嗽病因的诊断与治疗 期支气管扩张症患者症状，减少急性加重风险，但（一）慢性支气管炎（ ） 要...
结核中毒症状,慢性咳嗽,疾病-症状,其主要症状为慢性咳嗽，可伴有低嗽伴咳痰与其急性加重率增加、病死率增加 热、盗汗、消痩等结核中毒症状，部分患者咳嗽是其相关［ ］。
支气管哮喘,胸闷,疾病-症状,...、气 死亡率和 率相较 年分别降低了DALY.%急，伴或不伴胸闷或咳嗽等症状，同时伴有气道高 和 ，但发病率和患病率分别增加...
支气管哮喘,咳痰,疾病-症状,...急性加重风险评估 患者在最近 d内出否现呼吸困难和/或咳嗽、咳痰的恶化，同时可伴有呼您父母、兄弟姐妹及子女中， 是是否有人患有支气管哮喘、慢 否吸急促和/或心动过速，通常与感染、污染物或其他性支
阻塞性睡眠呼吸暂停,失眠,疾病-症状,"... Gen Pract, June, Vol., No.（九）阻塞性睡眠呼吸暂停（ 一、治疗目标obstructive sleep， ）和失眠 慢阻肺稳定期治疗目标是减轻当前症状和降apnea O"
慢性阻塞性肺疾病,中成药,疾病-症状,...虚证 于改善慢阻肺稳定期患者的焦虑、抑郁状态有较好疗效，但候中成药予百令胶囊［-，-］治疗可延缓肺功能下降( 推荐 目前文献证据质量相对较低，或是文献量偏少，甚至缺少文樊长征等:慢性阻塞性肺疾病
支气管扩张,咳痰,疾病-症状,...有助于改善稳定‑~dCB十、其他慢性咳嗽病因的诊断与治疗 期支气管扩张症患者症状，减少急性加重风险，但（一）慢性支气管炎（ ） 要注意长期应用导致的细菌耐药性及药物不良反chronicbronc
支气管扩张,呼吸困难,疾病-症状,...消炎丸具有清肺化痰，止咳平喘之痰多，舌红苔黄的患者，在氧疗、支气管扩张剂、抗感 功效，可有效缩短慢阻肺患者咳嗽、咳痰、喘息持续时染、营养支持、化痰治疗基础上，推荐联合使用桂龙咳 间，缓解呼吸困难
变应性鼻炎,慢性咳嗽,疾病-症状,...查：用于检测患CTIgE管狭窄、支气管扩张等，对于一些少见的慢性咳嗽 者是否存在特应质和确定变应原类型，有助于变应病因，如支气管结石、复发性多软骨炎、支气管异 性疾病［如变应性鼻炎和变应性咳嗽（
非变应性鼻炎,慢性咳嗽,疾病-症状,是哮喘的一种特殊类型，咳嗽是其唯一或CVA（）病因治疗： 非变应性鼻炎以及普通感冒： 主要临床表现，无明显喘息、气促等症状，但存在...
鼻窦炎,慢性咳嗽,疾病-症状,"...鼻 临床表现：主要表现为刺激性干咳，通常咳③.
窦炎： 慢性鼻窦炎患者鼻窦分泌物细菌培养以 嗽比较剧烈，夜间及凌晨咳嗽为其重要..."
慢性支气管炎,慢性咳嗽,疾病-症状,‑能与目前慢性支气管炎的诊断缺乏客观标准，在 （三）气管 支气管结核（ ）‑ bronchialtuberculosis流行病学调查时易将许多其他病因引起的慢性咳 国内气管 支气管结核在慢性咳嗽中并不
糖尿病,慢性咳嗽,疾病-症状,...患病高风险人群 凡有慢阻肺危险结合中国的临床实际，参考近年来糖尿病和高脂血症 因素如年龄≥ 岁、早产、出生低体质量、儿童时等慢性疾病管理的临床经验，邀请多位慢阻肺专家 期反复发生下呼吸道感染、中
糖尿病,咳痰,疾病-症状,...患病高风险人群 凡有慢阻肺危险结合中国的临床实际，参考近年来糖尿病和高脂血症 因素如年龄≥ 岁、早产、出生低体质量、儿童时等慢性疾病管理的临床经验，邀请多位慢阻肺专家 期反复发生下呼吸道感染、中
支气管炎,呼吸困难,疾病-症状,... 是取暖吗 . 未来急性加重风险评估 患者在最近 d内出否现呼吸困难和/或咳嗽、咳痰的恶化，同时可伴有呼您父母、兄弟姐妹及子女中， 是是否有人患有支气管哮喘、慢 否吸急促和/或心动过速，通常与感
支气管炎,咳痰,疾病-症状,...急性加重风险评估 患者在最近 d内出否现呼吸困难和/或咳嗽、咳痰的恶化，同时可伴有呼您父母、兄弟姐妹及子女中， 是是否有人患有支气管哮喘、慢 否吸急促和/或心动过速，通常与感染、污染物或其他性支
肺癌,胸闷,疾病-症状,) 肺癌: 表现为刺激性呛咳，咳嗽顽固，持) 性质、声音: 咳声洪亮有力多为实证; 咳 续日久不愈，反复咯血痰，出现不明原因的低热、而声低气怯多为虚证; 咳声嘶哑多为燥咳; 咳声重 胸痛、胸闷短气，伴
肺癌,乏力,疾病-症状,) 肺癌: 表现为刺激性呛咳，咳嗽顽固，持) 性质、声音: 咳声洪亮有力多为实证; 咳 续日久不愈，反复咯血痰，出现不明原因的低热、而声低气怯多为虚证; 咳声嘶哑多为燥咳; 咳声重 胸痛、胸闷短气，伴
鼻窦炎,头痛,疾病-症状,鼻窦炎表现为黏液性或脓性浊涕，常伴咽 热化痰; 痰黄如脓或腥臭，加薏苡仁、冬瓜仁、金喉不利，可有疼痛( 耳面部痛、头痛) 、嗅觉障碍等。
肺炎,呼吸困难,疾病-症状,"...见AECOPD :AECOPD , AECOPD ,阻肺患者呼吸困难和 或 咳嗽 咳痰症状加重 的 种病原体是流感嗜血杆菌 卡他莫拉菌和肺炎( ) 、 ,、症状恶化发生在 内 可能伴有呼吸急促和"
肺炎,咳痰,疾病-症状,"...COPD , AECOPD ,阻肺患者呼吸困难和 或 咳嗽 咳痰症状加重 的 种病原体是流感嗜血杆菌 卡他莫拉菌和肺炎( ) 、 ,、症状恶化发生在 内 可能伴有呼吸急促和 链球..."
肺炎,心动过速,疾病-症状,"...咳嗽 咳痰症状加重 的 种病原体是流感嗜血杆菌 卡他莫拉菌和肺炎( ) 、 ,、症状恶化发生在 内 可能伴有呼吸急促和 链球菌 其次为铜绿假单胞菌 革兰阴性肠杆菌d , , 、 、或 心动过速 "
慢性阻塞性肺疾病,意识障碍,疾病-症状,",出现心动过速 全身不适 失眠 嗜睡 疲乏 抑 注 为慢性阻塞性肺疾病急性加重 为改良、 、 、 、 、 :AECOPD ;mMR..."
支气管哮喘,乏力,疾病-症状,...中存在的一些问ACO高度警惕合并肺癌的可能：不明原因的发热、乏力、 题：（） 的病情评估是按照慢阻肺的 、、、ACOS A ...
肺炎,乏力,疾病-症状,...中存在的一些问ACO高度警惕合并肺癌的可能：不明原因的发热、乏力、 题：（） 的病情评估是按照慢阻肺的 、、、ACOS A B C消瘦、胸痛、咯血、声音嘶哑、浅表淋巴结肿大、杵状 分组方法，还是
慢性阻塞性肺疾病,腹胀,疾病-症状,...吸兴奋剂治疗无效并具备气 照组，联合加味凉膈散能够改善患者的腹胀证候评分管插管指征的患者较对照组，可以有效减少有创机械通 （...
慢性支气管炎,咳痰,疾病-症状,存在慢性支气管炎图慢阻肺管理流程 的患者采用联合中药固本咳喘颗粒等治疗的临床研究已经完成，结果显示，联合固本咳喘颗粒可改善慢性支气管炎患者的咳嗽咳痰等症状、缩短急性加重持续时间。
慢性阻塞性肺疾病,自汗,疾病-症状,...SRS评分（MD -，%CI：-.~-.），改善患者悸气短、自汗盗汗等症状，缓解呼吸困难。
肺动脉高压,呼吸困难,疾病-症状,...物、升级药物治疗方案至LAMA+LABA、实施或升级非肺合并肺动脉高压患者周，记录不良反应包括血氧 药物治疗措施，检查有无其他原因引起的呼吸困难。
慢性阻塞性肺疾病,腹泻,疾病-症状,...反应，包括口级肺肾气虚证患者个月，较对照组显著提高MWT干、腹泻、恶心、心悸，治疗组与对照组比较，差异无 水平（MD.，%C...
慢性阻塞性肺疾病,气虚,疾病-症状,表中西医联合防治慢性阻塞性肺疾病临床应用指南推荐意见摘要分期/合并症 目的 适用人群 证候 西医基础治疗 推荐意见 推荐级别 证据等级稳定期 改善生活 慢阻肺稳定期 肺气虚证：易感冒，反复急性 参考G
慢性阻塞性肺疾病,头晕,疾病-症状,...昏或 二陈汤、全真一气汤、养阴清肺汤等有较好疗效，但目前文献头晕;⑥干咳或少痰、咯痰不爽;⑦盗汗;⑧手足心热;⑨舌质 证据质...
肺动脉高压,头晕,疾病-症状,...究[]无安全性报告，项研究[]报告未发生不良反应，慢阻肺合并肺动脉高压患者周，记录不良反应包括项研究[]报道，玉屏风颗粒组治疗周观察不良反血氧饱和度下降、胃肠道症状，与对照组比较，差异无 应包括
慢性阻塞性肺疾病,流清涕,疾病-症状,...贴敷、温针灸治疗可显著改善患者呼吸困难症 恶寒，发热，痰白，流清涕，肢体酸痛，舌苔薄白的患者，状和（或）运动耐量。
慢性阻塞性肺疾病,肢体酸痛,疾病-症状,...针灸治疗可显著改善患者呼吸困难症 恶寒，发热，痰白，流清涕，肢体酸痛，舌苔薄白的患者，状和（或）运动耐量。
支气管扩张,喘息,疾病-症状,推荐意见：对于慢阻肺急性加重期咳嗽、喘息、 推荐依据：清肺消炎丸具有清肺化痰，止咳平喘之痰多，舌红苔黄的患者，在氧疗、支气管扩张剂、抗感 功效，可有效缩短慢阻肺患者咳嗽、咳痰、喘息持续时染...
肺炎,意识障碍,疾病-症状,...疗例老年社推荐意见：对于慢阻肺急性加重期出现喘息气 区获得性肺炎患者~日，其中项研究（例）促，神志恍惚，肢体瘛疭甚则抽搐，嗜...
肺炎,腹泻,疾病-症状,...疗例老年社推荐意见：对于慢阻肺急性加重期出现喘息气 区获得性肺炎患者~日，其中项研究（例）促，神志恍惚，肢体瘛疭甚则抽搐，嗜睡、昏迷、谵妄， 报告出现恶心、呕吐、腹泻等胃肠道症状例，组间苔腻或黄
呼吸衰竭,腹胀,疾病-症状,...阻肺常见合并症，患者可表现为功效，可改善慢阻肺急性加重期合并呼吸衰竭患者的咳 恶心、呕吐、腹胀、腹痛等胃肠道症状，常与原有的呼嗽憋喘、四肢冰冷、精神萎靡症...
呼吸衰竭,乏力,疾病-症状,...的胃肠功能具有保护作用，较对照组可降低善慢阻肺急性加重期合并呼吸衰竭患者神疲乏力、心 GSRS评分（MD -，%CI：-.~-.），改善患者...
呼吸衰竭,自汗,疾病-症状,...的胃肠功能具有保护作用，较对照组可降低善慢阻肺急性加重期合并呼吸衰竭患者神疲乏力、心 GSRS评分（MD -，%CI：-.~-.），改善患者悸气短、自汗盗汗等症状，缓解呼吸困难。
慢性阻塞性肺疾病,肺脾气虚,疾病-症状,表中西医联合防治慢性阻塞性肺疾病临床应用指南推荐意见摘要分期/合并症 目的 适用人群 证候 西医基础治疗 推荐意见 推荐级别 证据等级稳定期 改善生活 慢阻肺稳定期 肺气虚证：易感冒，反复急性 参考G
慢性支气管炎,呼吸困难,疾病-症状,...这些例子可能有价值：如严重程度、气流阻塞可逆性程度、表型（即慢性支气管炎vs 肺气肿）、发作频率（即>-次/年）、呼吸困难的程度（如MRC≥）、氧疗需求、运动能力、BMI（如<）和/...
慢性支气管炎,喘息,疾病-症状,图慢性支气管炎、肺气肿、慢性阻塞性肺疾病和支气管哮喘的关系示意图表证据质量和推荐强度分级标准证据质量 证据等级 解释 慢性支气管炎是气管、支气管黏膜及其周围组证据来自高质量的随机对照试验（ ）或 织的
慢性支气管炎,胸闷,疾病-症状,ＣＯＰＤ及相关疾病如慢性支气管炎的证候分类和辨证规．．外寒内饮 主症：咳嗽，喘息气急，痰多，痰白稀薄、范［－］，对于提高临床辨证治疗水平具有一定的指导作用， 泡沫，胸闷，不能平卧，恶寒，舌苔白、滑，脉
肺动脉高压,意识障碍,疾病-症状,...偿时，患者可出现行为怪异、平滑肌肥大、增殖，共同参与了缺氧性肺动脉高压 谵妄、嗜睡甚至昏迷等肺性脑病的症状［ ］。
心血管疾病,呼吸困难,疾病-症状,modified， ）呼吸困难问卷 （四）合并症的评估Medical Research Council mMRC慢阻肺患者经常伴有其他慢性疾病，常见的表慢性阻塞性肺疾病患者气流受限严重程度的合并症包括
肺栓塞,呼吸困难,疾病-症状,...平衡预防深静脉栓塞症评估和处理合并症（如心力衰竭、心律失常、肺栓塞等）符合以下任意条，考虑入ICU治疗a：（）严重呼吸困难且对初始治密切监护生命体征；
流行性感冒,慢性咳嗽,疾病-症状,...染 ( 包括普通感冒、年月日在中华中医药学会、世界中医药学会流行性感冒、急性咽喉炎、鼻炎、副鼻窦炎等)联合会于武汉举办的肺系病学术...
慢性支气管炎,意识障碍,疾病-症状,难治性 可使用巴氯芬治疗，但存在 与目前慢性支气管炎的诊断缺乏客观标准，在流行GERC GERC着一定程度的嗜睡...
肺癌,呼吸困难,疾病-症状,modified， ）呼吸困难问卷 （四）合并症的评估Medical Research Council mMRC慢阻肺患者经常伴有其他慢性疾病，常见的表慢性阻塞性肺疾病患者气流受限严重程度的合并症包括
呼吸衰竭,喘息,疾病-症状,...度：患者需要住院或急诊、 治疗，重度. ICU促加重，常伴有喘息、胸闷、咳嗽加剧、痰量增加、痰急性加重可能并发急性呼吸衰竭。
呼吸衰竭,胸闷,疾病-症状,...者需要住院或急诊、 治疗，重度. ICU促加重，常伴有喘息、胸闷、咳嗽加剧、痰量增加、痰急性加重可能并发急性呼吸衰竭。
呼吸衰竭,咳嗽加剧,疾病-症状,...住院或急诊、 治疗，重度. ICU促加重，常伴有喘息、胸闷、咳嗽加剧、痰量增加、痰急性加重可能并发急性呼吸衰竭。
心力衰竭,心动过速,疾病-症状,... CT肺动脉造影 下肢多普勒超声、超声心动图联合检测. CT心力衰竭 胸部影像学 新出现的呼吸困难或呼吸困难加剧、心动过速、呼吸急促、端坐呼吸、下和 肢水肿和胸腔积液；
支气管扩张,中成药,疾病-症状,纳入标准：（）随机对照临床研I：中成药联合西医治疗（包括抗生素、支气管扩张 究，有明确的诊断标准，干预措施为中成药，或中成剂、糖皮质激...
支气管扩张,变应性咳嗽,疾病-症状,...气 （）变应原皮试和血清 检查：用于检测患CTIgE管狭窄、支气管扩张等，对于一些少见的慢性咳嗽 者是否存在特应质和确定变应原类型，有助于变应病因，如支气管结石、复发性多软骨炎、支气管异 性疾病
变应性鼻炎,变应性咳嗽,疾病-症状,...变应病因，如支气管结石、复发性多软骨炎、支气管异 性疾病［如变应性鼻炎和变应性咳嗽（ ，atopiccough物、早期间质性肺疾病等， 线胸片...
鼻窦炎症状,慢性咳嗽,疾病-症状,如有典型的鼻炎、鼻窦炎症状或鼻后滴流症 咳嗽敏感性检查：可用于疗效判断和咳嗽机状、体征...
支气管炎,头痛,疾病-症状,无发热、头痛、肌痛症状的普通感冒患者，不推荐使 伴咳喘的成人急性气管 支气管炎，建议使用 受‑ β用非甾体抗炎药物治疗［ ， ， ］（ ）...
非变应性鼻炎,喘息,疾病-症状,是哮喘的一种特殊类型，咳嗽是其唯一或CVA（）病因治疗： 非变应性鼻炎以及普通感冒： 主要临床表现，无明显喘息、气促等症状，但存在气推荐首选口服第一代抗组胺药和减充血剂治...
支气管哮喘,意识障碍,疾病-症状,若无第二代抗组胺 嗽优势型哮喘（ ， ），近coughpredominateasthma CPA药，第一代抗组胺药亦有同...
结核中毒症状,咳痰,疾病-症状,其主要症状为慢性咳嗽，可伴有低嗽伴咳痰与其急性加重率增加、病死率增加 热、盗汗、消痩等结核中毒症状，部分患者咳嗽是其相关［ ］。
糖尿病,呼吸困难,疾病-症状,...史（肺气肿、慢性支气管炎、慢阻肺、哮喘）版英国医学研究委员会呼吸困难量表，CAT=慢性阻塞性肺疾病评估共病（心血管病、糖尿病及代谢性疾病、肿瘤等）测试。
慢性阻塞性肺疾病,脉浮,疾病-症状,...苔薄黄， . . . 其他疗法 研究表明慢阻肺急性加重期针灸脉浮数或浮滑。
肺动脉高压,气虚,疾病-症状,肺动脉高压是慢阻肺进展为慢性肺源性心脏 本指南存在以下局限性：① 本指南工作组成病的根本原因，本病的病机为本虚邪实，以气虚为 员未纳入患者代表，未进行患者偏好与价值观的全主，兼有血瘀...
呼吸衰竭,意识障碍,疾病-症状,"... ,凝禁忌证 可给予低分子量肝素皮下注射 弱 昏迷 重度 型呼吸衰竭, 。"
慢性阻塞性肺疾病,祛邪,疾病-症状,另散，具有益气固表、扶正祛邪的功效，可改善慢阻肺项研究记录不良反应包括胸痛、疲劳、喘鸣和...
慢性阻塞性肺疾病,风寒袭肺,疾病-症状,...·呼吸系统疾病分册辨证论治(版) 》 COPD急性加重期常见风寒袭肺、外寒内饮、痰《中华人民共和国药典(年版) 》 热壅肺、痰浊阻肺、痰蒙神窍等证［-］，稳定期常见《慢性阻塞性肺疾病中医证候诊断
肺炎,喘息,疾病-症状,...联合清金化痰汤治疗例老年社推荐意见：对于慢阻肺急性加重期出现喘息气 区获得性肺炎患者~日，其中项研究（例）促，神志恍惚，肢体瘛疭甚则抽搐，嗜...
呼吸衰竭,头晕,疾病-症状,反应例，包括恶心、皮疹、呕吐、头晕、局部疼痛、GOLD[] 提出对于存在急性呼吸衰竭的慢阻 其他。
呼吸衰竭,慢性咳嗽,疾病-症状,推荐意见：对慢阻肺急性加重期合并呼吸衰竭且推荐意见：对于慢阻肺急性加重期合并呼吸衰竭， 存在有创机械...
右心衰竭,意识障碍,疾病-症状,可见球结膜水肿，严重者可出现意识障碍;伴有右心衰竭者符号、代号与缩略语 可见下肢水肿和肝脏增大。
支气管哮喘,气虚,疾病-症状,临床用于感冒后咳嗽，咳嗽反复发作及咳嗽变异型哮喘 肺气虚证候慢阻肺中成药予玉屏风颗粒( 胶囊、散)［-］治符合上述证...
支气管哮喘,中成药,疾病-症状,...于感冒后咳嗽，咳嗽反复发作及咳嗽变异型哮喘 肺气虚证候慢阻肺中成药予玉屏风颗粒( 胶囊、散)［-］治符合上述证候者。
呼吸衰竭,咳痰,疾病-症状,COPD患者常面临持续性咳嗽、咳痰、呼吸困难等症状，严重损伤患者的肺部，容易造成肺功能受损甚至呼吸衰竭。
心力衰竭,头晕,疾病-症状,LABA常见不良反应包括窦性心律过速、肌肉震颤、头晕和头疼，罕见不良反应包括心律失常、异常支气管痉挛以及心力衰竭人群的氧耗增加，与利尿剂等药物存在相互作用等；
慢性阻塞性肺疾病,戒烟,疾病-治疗,...（ ） 单落实出院管理核心措施，主要内VAS容包括药物治疗、戒烟、吸入器技术患者二氧化碳潴留及对更高的呼吸支持需求，但不评估...
支气管扩张,戒烟,疾病-治疗,轻度 COPD 患者一般采用短效支气管扩张剂进行按需治疗，并强烈建议戒烟。
慢性阻塞性肺疾病,无创通气,疾病-治疗,...用临床的选择性 抑制剂罗氟司特 呼吸康复治疗、家庭氧疗、家庭无创通气、疫苗、气PDE‐（ ）在亚洲人群中耐受性良好，口服罗氟 道...
慢性阻塞性肺疾病,阻抗训练,疾病-治疗,...液高分泌的慢阻肺患者，无论稳定期 局部肌肉群的一种运动方式，阻抗训练方式通常包评估分组如何，均可在起始治疗中加用祛痰剂。
慢性阻塞性肺疾病,肺减容手术,疾病-治疗,...肺的内科介入治疗是基息状态下，达到 和（或）使 达到 于外科肺减容术的原理和患者获益分析，为减少外PaO≥mmHg SaO，以维持...
慢性阻塞性肺疾病,手术切除,疾病-治疗,...volumereductionsurgery LVRS指通过手术切除部分气肿的肺组织来治疗慢阻肺 练［ ］、营养支持［ ］、氧疗...
呼吸衰竭,无创通气,疾病-治疗,在积可以产生一定水平的呼气末正压（平均为 极的药物和无创通气治疗后，若患者的呼吸衰竭仍），对慢阻肺急性加重患者的呼吸困难有一 进行性恶化，出现危...
心血管疾病,戒烟,疾病-治疗,‐‐危及生命的低氧血症，且患者不能耐受无创通气［（一）心血管疾病心血管疾病是慢阻肺常见和重要的合并慢阻肺急性加重的预防：减少急性加重频率症［ ， ， ］，主要包括缺血性心脏病、心力衰竭、心.的干预措施
心血管疾病,无创通气,疾病-治疗,‐‐危及生命的低氧血症，且患者不能耐受无创通气［（一）心血管疾病心血管疾病是慢阻肺常见和重要的合并慢阻肺急性加重的预防：减少...
心力衰竭,无创通气,疾病-治疗,‐‐危及生命的低氧血症，且患者不能耐受无创通气［（一）心血管疾病心血管疾病是慢阻肺常见和重要的合并慢阻肺急性加重的预防：减少急性加重频率症［ ， ， ］，主要包括缺血性心脏病、心力衰竭、心.的干预措施
心力衰竭,戒烟,疾病-治疗,心力衰竭加重需与慢阻肺急性加重进行鉴抗感染制剂 大环内酯类药物疫苗 流感疫苗、肺炎球菌疫苗 别，合并慢阻肺常是导致急性心力衰竭患者住院的其他 戒烟 原因。
肺炎,戒烟,疾病-治疗,...阻肺急性加重进行鉴抗感染制剂 大环内酯类药物疫苗 流感疫苗、肺炎球菌疫苗 别，合并慢阻肺常是导致急性心力衰竭患者住院的其他 戒烟 原因。
慢性阻塞性肺疾病,肺康复,疾病-治疗,...预措施（）提升自我管理效能（）长期规范使用吸入药物并积极进行肺康复等非药物治疗（）针对诱发因素的预防措施：一般措施：避免人群聚...
心力衰竭,肺康复,疾病-治疗,...、应用镇静药物、擅自停用吸入药物等（）气胸、胸腔积液、充血性心力衰竭、心律不齐、肺栓塞等肺内外并发症或合并症也是加重呼吸道症状的常见原因知晓减少慢阻肺急性加重的干预措施（）提升自我管理效能（）长
肺癌,手术切除,疾病-治疗,肺癌咳嗽的治疗关键在于原发灶的治 的慢性咳嗽病因检查，排除已知的慢性咳嗽病因，疗，放疗、化疗、射频消融术及手术切除肺部肿瘤能 针对慢性咳嗽病因治疗无效的情况下，方可考虑不够缓...
肺栓塞,肺康复,疾病-治疗,...停用吸入药物等（）气胸、胸腔积液、充血性心力衰竭、心律不齐、肺栓塞等肺内外并发症或合并症也是加重呼吸道症状的常见原因知晓减少慢阻肺急性加重的干预措施（）提升自我管理效能（）长期规范使用吸入药物并
支气管哮喘,戒烟,疾病-治疗,氨溴索还可通过调节氧化应激反应使慢．戒烟干预：烟草烟雾是包括慢阻肺及哮喘在阻肺急性加重患者获益∞“。
慢性阻塞性肺疾病,补肺,疾病-治疗,...：纳入的项研究（例）[，，]中，项项RCT研究[]报告，联合补肺活血胶囊治疗例 研究[]无安全性报告，项研究[]报告未发生不...
慢性阻塞性肺疾病,健脾,疾病-治疗,... 三联药物（ICS/LABA/LAMA）联合使用丹龙口服液较健脾益气的功效，可改善慢阻肺患者咳嗽痰多、色白黏 对照组，可改善...
慢性阻塞性肺疾病,益肾,疾病-治疗,...定量气雾剂，DPI=干粉明中医药在稳定期可以通过补肺、健脾、益肾、祛瘀、吸入剂，SMI=软雾吸入装置。
慢性阻塞性肺疾病,活血,疾病-治疗,...入的项研究（例）[，，]中，项项RCT研究[]报告，联合补肺活血胶囊治疗例 研究[]无安全性报告，项研究[]报告未发生不良反...
肺炎,肺康复,疾病-治疗,... 不超过 d，超过 d的口服糖皮质激素与慢阻肺急括患者教育、肺康复治疗、长期氧疗、家庭无创通气、 性加重肺炎及死亡风险增加有关。
肺动脉高压,补肺,疾病-治疗,...：纳入的项研究（例）[，，]中，项项RCT研究[]报告，联合补肺活血胶囊治疗例 研究[]无安全性报告，项研究[]报告未发生不良反应，慢阻肺合并肺动脉高压患者周，记录不良反应包括项研究[]报道，玉
肺动脉高压,活血,疾病-治疗,...入的项研究（例）[，，]中，项项RCT研究[]报告，联合补肺活血胶囊治疗例 研究[]无安全性报告，项研究[]报告未发生不良反应，慢阻肺合并肺动脉高压患者周，记录不良反应包括项研究[]报道，玉屏风
慢性阻塞性肺疾病,益肺灸,疾病-治疗,...段临床问题：对于慢阻肺稳定期患者，联合中医外 锦、穴位贴敷、益肺灸治疗可显著改善患者生活质量。
慢性阻塞性肺疾病,宣肺止咳,疾病-治疗,宣肺止咳的功效，联合使用可改善慢阻肺风寒袭肺证使用方法：使用方法见表...
支气管扩张,肺康复,疾病-治疗,...生活质量? 是否可延缓肺功能下 慢阻肺稳定期疗法主要推荐使用支气管扩张剂，尤其是吸入降? 是否可改善焦虑抑郁状态? 贴敷治疗/非药物疗法是否 的支气管扩张剂，以及应用肺康复等非药物疗法;而年可改
肺栓塞,无创通气,疾病-治疗,...疗指征者，在评估病原体、采样后应用抗菌药物有指征者，建议使用无创通气动态监测液体、电解质和酸碱平衡预防深静脉栓塞症评估和处理合并症（如心力衰竭、心律失常、肺栓塞等）符合以下任意条，考虑入ICU治
心力衰竭,肺减容手术,疾病-治疗,对于接受长效支气管舒张剂治疗的慢阻肺肺减容术患者，如呼吸困难无明显好转，应注意心力衰竭。
肺癌,戒烟,疾病-治疗,患者，预防肺癌最好的措施是戒烟。
支气管扩张,体位引流,疾病-治疗,体位引流对支气管扩张患咳嗽，抗真菌治疗有效。
肺炎,无创通气,疾病-治疗,...服糖皮质激素与慢阻肺急括患者教育、肺康复治疗、长期氧疗、家庭无创通气、 性加重肺炎及死亡风险增加有关。
慢性阻塞性肺疾病,舒肺贴,疾病-治疗,...中西医结合治疗方案介入慢阻肺急性加重的拳、六字诀、穴位贴敷、舒肺贴、针刺、传统艾灸、 治疗时机？
慢性支气管炎,戒烟,疾病-治疗,"有急性加重的 且患有慢性支气管炎的 非药物治疗：慢阻肺常见的非药物治疗包括FEV<%.
患者，可考虑口服罗氟司特治疗，但目前国内大部 戒烟、吸氧、呼吸支持、呼吸康复、疫苗接种、营养心分地区尚无此药口."
心血管疾病,心绞痛,疾病-并发症,...究表明 抑制剂（罗氟司特）［ ］、大环内酯类 高风险患者发生心血管事件（死亡、心肌梗死、卒PDE‐抗生素［ ］及对维生素 重度缺乏患者给予补充维 中、不稳定心绞痛、短暂性脑缺血发作）的风险增生素
慢性阻塞性肺疾病,抑郁症,疾病-并发症,...uncil mMRC慢阻肺患者经常伴有其他慢性疾病，常见的表慢性阻塞性肺疾病患者气流受限严重程度的合并症包括心血管疾病、代谢综合征、骨质...
心力衰竭,抑郁症,疾病-并发症,...规治疗基础上加用无创通气，可状与慢阻肺类似，可能被忽视，例如心力衰竭导致 改善因慢阻肺急性加重所致高碳酸血症患者和心的呼吸困难，抑郁症导致的乏力及体能下降等。
糖尿病,代谢综合征,疾病-并发症,六、合并症 （四）代谢综合征与糖尿病慢阻肺经常与其他疾病（合并症）共存，这些疾 代谢综合征和 型...
慢性阻塞性肺疾病,代谢综合征,疾病-并发症,...uncil mMRC慢阻肺患者经常伴有其他慢性疾病，常见的表慢性阻塞性肺疾病患者气流受限严重程度的合并症包括心血管疾病、代谢综合征、骨质疏松肺功能分级［症、抑郁和焦虑、肺癌、营养不良和骨骼肌..
支气管扩张,焦虑症,疾病-并发症,研究发现，合并支气管扩张与慢阻肺%~%焦虑和抑郁是慢阻肺重要合并症，常发生于年 急性...
支气管扩张,抑郁症,疾病-并发症,研究发现，合并支气管扩张与慢阻肺%~%焦虑和抑郁是慢阻肺重要合并症，常发生于年 急性...
慢性阻塞性肺疾病,焦虑症,疾病-并发症,...uncil mMRC慢阻肺患者经常伴有其他慢性疾病，常见的表慢性阻塞性肺疾病患者气流受限严重程度的合并症包括心血管疾病、代谢综合征、骨质...
慢性阻塞性肺疾病,心绞痛,疾病-并发症,近年来，大家在这方面做了大量的研究工作，然而，笔者认为，当慢阻肺患者出现以下症状和体征时应 必须看到 临床评估和治疗中存...
支气管哮喘,心绞痛,疾病-并发症,"... 心悸、 , 、 、等因素是 的重要诱因 近年来 嗜酸粒 对支气管舒张剂的需求增加AECOPD 。"
慢性阻塞性肺疾病,胸腔积液,疾病-并发症,...吸入过敏原、手术、应用镇静药物、擅自停用吸入药物等（）气胸、胸腔积液、充血性心力衰竭、心律不齐、肺栓塞等肺内外并发症或合并症也是...
慢性阻塞性肺疾病,支气管扩张,疾病-并发症,方案B锚定：支气管扩张是慢阻肺的鉴别诊断
慢性阻塞性肺疾病,呼吸衰竭,疾病-并发症,方案B锚定：呼吸衰竭是慢阻肺的严重并发症
慢性阻塞性肺疾病,支气管哮喘,疾病-并发症,方案B锚定：支气管哮喘是慢阻肺的鉴别诊断
慢性阻塞性肺疾病,右心衰竭,疾病-并发症,方案B锚定：右心衰竭是慢阻肺的严重并发症
慢性阻塞性肺疾病,肺炎,疾病-并发症,方案B锚定：肺炎是慢阻肺的鉴别诊断
慢性阻塞性肺疾病,肺栓塞,疾病-并发症,方案B锚定：肺栓塞是慢阻肺的并发症
慢性阻塞性肺疾病,心肌梗死,疾病-并发症,方案B锚定：心肌梗死是慢阻肺的合并症
慢性阻塞性肺疾病,心血管疾病,疾病-并发症,方案B锚定：心血管疾病是慢阻肺的合并症
慢性阻塞性肺疾病,心力衰竭,疾病-并发症,方案B锚定：心力衰竭是慢阻肺的合并症
慢性阻塞性肺疾病,肺癌,疾病-并发症,方案B锚定：肺癌是慢阻肺的合并症
慢性阻塞性肺疾病,糖尿病,疾病-并发症,方案B锚定：糖尿病是慢阻肺的合并症
慢性阻塞性肺疾病,阻塞性睡眠呼吸暂停,疾病-并发症,方案B锚定：阻塞性睡眠呼吸暂停是慢阻肺的合并症
慢性阻塞性肺疾病,肺结核,疾病-并发症,方案B锚定：肺结核是慢阻肺的鉴别诊断
慢性阻塞性肺疾病,支气管炎,疾病-并发症,方案B锚定：支气管炎是慢阻肺的相关疾病
慢性阻塞性肺疾病,肺动脉高压,疾病-并发症,方案B锚定：肺动脉高压是慢阻肺的并发症
慢性阻塞性肺疾病,慢性支气管炎,疾病-并发症,方案B锚定：慢性支气管炎是慢阻肺的相关疾病
慢性阻塞性肺疾病,贫血,疾病-并发症,方案B锚定：贫血是慢阻肺的合并症
慢性阻塞性肺疾病,骨质疏松症,疾病-并发症,方案B锚定：骨质疏松症是慢阻肺的合并症
心力衰竭,心绞痛,疾病-并发症,...动）急性冠状动脉综合征 心电图 呼吸困难加剧、胸痛、新发现的心力衰竭体征、心脏生物标志物水平肌钙蛋白 升高；
肺癌,抑郁症,疾病-并发症,...心血管疾病、代谢综合征、骨质疏松肺功能分级［症、抑郁和焦虑、肺癌、营养不良和骨骼肌功能障占预计值百分比（使用肺功能分级 气流...
肺癌,焦虑症,疾病-并发症,...心血管疾病、代谢综合征、骨质疏松肺功能分级［症、抑郁和焦虑、肺癌、营养不良和骨骼肌功能障占预计值百分比（使用肺功能分级 气流...
心血管疾病,焦虑症,疾病-并发症,...病，常见的表慢性阻塞性肺疾病患者气流受限严重程度的合并症包括心血管疾病、代谢综合征、骨质疏松肺功能分级［症、抑郁和焦虑、肺癌、营养...
心血管疾病,抑郁症,疾病-并发症,...病，常见的表慢性阻塞性肺疾病患者气流受限严重程度的合并症包括心血管疾病、代谢综合征、骨质疏松肺功能分级［症、抑郁和焦虑、肺癌、营养...
骨质疏松症,焦虑症,疾病-并发症,危害（ ）：使吸烟者认识② Risk病）、骨骼肌功能障碍、骨质疏松症、焦虑 抑郁、睡 到吸烟的严重健康危害。
骨质疏松症,抑郁症,疾病-并发症,危害（ ）：使吸烟者认识② Risk病）、骨骼肌功能障碍、骨质疏松症、焦虑 抑郁、睡 到吸烟的严重健康危害。
流行性感冒,焦虑症,疾病-并发症,流行性感冒（流感）疫苗接种可肺患者焦虑抑郁症状，增加患者治疗依从性［ ...
流行性感冒,抑郁症,疾病-并发症,流行性感冒（流感）疫苗接种可肺患者焦虑抑郁症状，增加患者治疗依从性［ ］；
肺栓塞,胸腔积液,疾病-并发症,...吸入过敏原、手术、应用镇静药物、擅自停用吸入药物等（）气胸、胸腔积液、充血性心力衰竭、心律不齐、肺栓塞等肺内外并发症或合并症也是加重呼吸道症状的常见原因知晓减少慢...
心肌梗死,心绞痛,疾病-并发症,...氟司特）［ ］、大环内酯类 高风险患者发生心血管事件（死亡、心肌梗死、卒PDE‐抗生素［ ］及对维生素 重度缺乏患者给予补充维 中、不稳定心绞痛、短暂性脑缺血发作）的风险增生素 ［］能有效预防慢
肺癌,心绞痛,疾病-并发症,...应 必须看到 临床评估和治疗中存在的一些问ACO高度警惕合并肺癌的可能：不明原因的发热、乏力、 题：（） 的病情评估是按照慢...
心血管疾病,代谢综合征,疾病-并发症,...病，常见的表慢性阻塞性肺疾病患者气流受限严重程度的合并症包括心血管疾病、代谢综合征、骨质疏松肺功能分级［症、抑郁和焦虑、肺癌、营养不良和骨骼肌...
肺癌,代谢综合征,疾病-并发症,...慢性阻塞性肺疾病患者气流受限严重程度的合并症包括心血管疾病、代谢综合征、骨质疏松肺功能分级［症、抑郁和焦虑、肺癌、营养不良和骨骼肌功能障占预计值百分比（使用肺功能分级 气流...
肺炎,胸腔积液,疾病-并发症,...肿大、杵状 分组方法，还是按照哮喘病情控制水平进行评估指趾、胸腔积液、阻塞性肺炎、阻塞性肺不张、阻塞 呢？
心力衰竭,胸腔积液,疾病-并发症,...吸入过敏原、手术、应用镇静药物、擅自停用吸入药物等（）气胸、胸腔积液、充血性心力衰竭、心律不齐、肺栓塞等肺内外并发症或合并症也是加重呼吸道症状的...
呼吸衰竭,胸腔积液,疾病-并发症,"...受药物治疗 包括, , AECOPD ,杂气胸 新发生的严重呼吸衰竭 线胸片可疑支 使用支气管舒张剂 糖皮质激素和口服抗菌药物, ,X 、气管扩张症 肺不张 胸腔积液 心包积液 肺部 等[] 级"
肺结核,代谢综合征,疾病-并发症,"...a October,,Vol.,No.阻肺很容易合并糖尿病、代谢综合征，而患糖尿病 须正视和重视慢阻肺与其发生的各种合并症之间后则容易并发肺结核。"
肺癌,胸腔积液,疾病-并发症,...应 必须看到 临床评估和治疗中存在的一些问ACO高度警惕合并肺癌的可能：不明原因的发热、乏力、 题：（） 的病情评估是按照慢阻肺的 、、、ACOS A B C消瘦、胸痛、咯血、声音嘶哑、浅表淋巴
支气管哮喘,胸腔积液,疾病-并发症,...肿大、杵状 分组方法，还是按照哮喘病情控制水平进行评估指趾、胸腔积液、阻塞性肺炎、阻塞性肺不张、阻塞 呢？
肺炎,心绞痛,疾病-并发症,...方法，还是按照哮喘病情控制水平进行评估指趾、胸腔积液、阻塞性肺炎、阻塞性肺不张、阻塞 呢？
糖尿病,心绞痛,诱发-急性加重,COPD患者面临着更高的心肌梗塞、心绞痛、呼吸道感染、骨质疏松、骨折、糖尿病、抑郁症、睡眠障碍、青光眼和贫血的风险。
糖尿病,抑郁症,诱发-急性加重,...者面临着更高的心肌梗塞、心绞痛、呼吸道感染、骨质疏松、骨折、糖尿病、抑郁症、睡眠障碍、青光眼和贫血的风险。
贫血,心绞痛,诱发-急性加重,COPD患者面临着更高的心肌梗塞、心绞痛、呼吸道感染、骨质疏松、骨折、糖尿病、抑郁症、睡眠障碍、青光眼和贫血的风险。
贫血,抑郁症,诱发-急性加重,...更高的心肌梗塞、心绞痛、呼吸道感染、骨质疏松、骨折、糖尿病、抑郁症、睡眠障碍、青光眼和贫血的风险。
慢性阻塞性肺疾病,乏力,诱发-急性加重,( 、初始抗菌治疗的疗效 抗菌治疗既要关注 肌肉酸痛 全身乏力和呼吸道感染 时间 并、 ) <d患者的短期疗效 如迅速改善...
肺结核,慢性咳嗽,诱发-急性加重,线胸片对确定肺部并 对有慢性咳嗽或咳痰、呼吸困难、反复下呼吸发症及与其他疾病（如肺间质纤维化、肺结核等）鉴道感染史和（或）有慢阻肺危险因素暴露史的患者，别具有重...
肺结核,咳痰,诱发-急性加重,线胸片对确定肺部并 对有慢性咳嗽或咳痰、呼吸困难、反复下呼吸发症及与其他疾病（如肺间质纤维化、肺结核等）鉴道感染史和（或）有慢阻肺危险因素暴露史的患者，别具有重...
肺结核,呼吸困难,诱发-急性加重,线胸片对确定肺部并 对有慢性咳嗽或咳痰、呼吸困难、反复下呼吸发症及与其他疾病（如肺间质纤维化、肺结核等）鉴道感染史和（或）有慢阻肺危险因素暴露史的患者，别具有重...
心力衰竭,呼吸困难,诱发-急性加重,"...加重风险与严重程度 并借助客观检查进一步 水平升高有助于鉴别心力衰竭引起, NT-proBNP)确定如胸部CT肺气肿气道壁增厚及慢性支气 的急性呼吸困难[]。"
阻塞性睡眠呼吸暂停,慢性咳嗽,诱发-急性加重,引起咳嗽的独立危险因素包括：吸烟悬雍垂过长、阻塞性睡眠呼吸暂停% ACEI史、 引起咳嗽的既往史、东亚人（华人）等，与 气...
心肌梗死,慢性咳嗽,诱发-急性加重,...，有痰重症疾病 非重症疾病而不易咳出者使用祛痰剂或黏痰溶急性心肌梗死、左心衰竭、 感染 原有疾病加重 环境职业因素 解剂可在一定...
支气管炎,慢性咳嗽,诱发-急性加重,...等)联合会于武汉举办的肺系病学术交流会上进行了第和急性气管－支气管炎; 亚急性咳嗽主要包括感染二次共识论证会，根据专家意见进一步...
支气管炎,喘息,诱发-急性加重,...性结果 性咳嗽，感染因素依旧存在，可能需要抗感染治疗，前，伴喘息的急性支气管炎成人患者，使用 受体 建议考虑此部分患者转诊至专科医院，明确...
糖皮质激素,慢性咳嗽,诱发-急性加重,...感染的病原菌对口服. ICS疗 周以上，初期可短期口服小剂量糖皮质激素 抗菌药物治疗无反应，或口服抗菌药物治疗失败时（ ）［ ， ...
抗组胺药物,慢性咳嗽,诱发-急性加重,...症状、避免急性加重，建议在患者一般情治疗：吸入 和（或）口服抗组胺药物治 况差和需要住院治疗时，或所感染的病原菌对口服. ICS疗...
CT,呼吸困难,诱发-急性加重,"...升高有助于鉴别心力衰竭引起, NT-proBNP)确定如胸部CT肺气肿气道壁增厚及慢性支气 的急性呼吸困难[]。"
慢性阻塞性肺疾病,肌肉酸痛,诱发-急性加重,( 、初始抗菌治疗的疗效 抗菌治疗既要关注 肌肉酸痛 全身乏力和呼吸道感染 时间 并、 ) <d患者的短期疗效 ...
肺功能,肌肉酸痛,诱发-急性加重,...在 （一）慢阻肺的筛查和病例发现早期出现相应感染症状（发热、肌肉酸痛、全身乏力 有条件的基层医疗机构可以直接用肺功能检和呼吸道感染）并且正处于流行病学暴发时期 查设备开展筛查和...
肺功能,乏力,诱发-急性加重,...肺的筛查和病例发现早期出现相应感染症状（发热、肌肉酸痛、全身乏力 有条件的基层医疗机构可以直接用肺功能检和呼吸道感染）并且正处于流行病学暴发时期 查设备开展筛查和...
肺癌,咳痰,诱发-急性加重,对于 病变，如支气管肺癌、异物、结核、复发性多软骨炎‑能自发咳痰的患者，自发痰细胞学检查具有与诱导 等引起的咳嗽，但不推荐将...
支气管哮喘,心动过速,诱发-急性加重,...恶化，同时可伴有呼您父母、兄弟姐妹及子女中， 是是否有人患有支气管哮喘、慢 否吸急促和/或心动过速，通常与感染、污染物或其他性支气管炎、肺气肿或慢阻肺诱因所致...
支气管炎,心动过速,诱发-急性加重,...姐妹及子女中， 是是否有人患有支气管哮喘、慢 否吸急促和/或心动过速，通常与感染、污染物或其他性支气管炎、肺气肿或慢阻肺诱因所致的肺部和全身炎症反应增加有关［］。
慢性阻塞性肺疾病,心动过速,诱发-急性加重,...姐妹及子女中， 是是否有人患有支气管哮喘、慢 否吸急促和/或心动过速，通常与感染、污染物或其他性支气管炎、肺气肿或慢阻肺诱因所致...
补肺,呼吸困难,诱发-急性加重,...评估的基础上，可考虑更换吸入装置或药RCT研究[]报告，联合补肺活血胶囊治疗例慢阻 物、升级药物治疗方案至LAMA+LABA、实施或升级非肺合并肺动脉高压患者周，记录不良反应包括血氧 药物治疗措
活血,呼吸困难,诱发-急性加重,...的基础上，可考虑更换吸入装置或药RCT研究[]报告，联合补肺活血胶囊治疗例慢阻 物、升级药物治疗方案至LAMA+LABA、实施或升级非肺合并肺动脉高压患者周，记录不良反应包括血氧 药物治疗措施，
戒烟,中成药,诱发-急性加重,物的排出;鼓励患者咳嗽、排痰、戒烟、预防感冒及呼中成药:) 生脉饮口服液( 证据级别: D; 推荐强 吸道感染;在...
慢性阻塞性肺疾病,呼吸道感染,诱发-急性加重,...的诱发因素，并积极采取行动和措施避免：（）最常见的诱发因素是呼吸道感染（）其他诱发因素包括吸烟、空气污染、吸入过敏原、手术、应用镇...
糖尿病,呼吸道感染,诱发-急性加重,...患病高风险人群 凡有慢阻肺危险结合中国的临床实际，参考近年来糖尿病和高脂血症 因素如年龄≥ 岁、早产、出生低体质量、儿童时等慢性疾病管理的临床经验，邀请多位慢阻肺专家 期反复发生下呼吸道感染、中
贫血,呼吸道感染,诱发-急性加重,COPD患者面临着更高的心肌梗塞、心绞痛、呼吸道感染、骨质疏松、骨折、糖尿病、抑郁症、睡眠障碍、青光眼和贫血的风险。
慢性阻塞性肺疾病,肺康复,诱发-急性加重,（四）体力活动和肺康复 的急性加重患者有明确的病毒或细菌感染证鼓励所有慢阻肺患者保...
慢性支气管炎,吸烟,诱发-急性加重,...A+ICS ICS出院早期的 患者，仍处于急性加 （ 且患有慢性支气管炎）或阿奇霉素（既AECOPD FEV<%重 稳定期的过渡期，易出现病情反复、诱发心血管 往吸烟患者），也可尝试生物制剂。
肺炎,激动剂,诱发-急性加重,与特定活性药物组合相关的不良事件的评估，如长效β 激动剂和吸入性糖皮质激素联用，需要评估是否增加肺炎发生率或降低呼吸道感染。
肺炎,呼吸道感染,诱发-急性加重,"...咳嗽 咳痰症状加重 的 种病原体是流感嗜血杆菌 卡他莫拉菌和肺炎( ) 、 ,、症状恶化发生在 内 可能伴有呼吸急促和 链球菌 其次为铜绿假单胞菌 革兰阴性肠杆菌d , , 、 、或 心动过速 "
鼻窦炎,呼吸道感染,诱发-急性加重,嗽主要包括急性上呼吸道感染 ( 包括普通感冒、年月日在中华中医药学会、世界中医药学会流行性感冒、急性咽喉炎、鼻炎、副鼻窦炎等)联合会于武汉举办的肺系病学术交流会上进行了第和急性气管－...
支气管炎,呼吸道感染,诱发-急性加重,嗽主要包括急性上呼吸道感染 ( 包括普通感冒、年月日在中华中医药学会、世界中医药学会流行性感冒、急性咽喉炎、鼻炎、副鼻窦炎等)联合会于武汉举办的肺系病学术交流会上进行了第和急性气管－支气管炎; 亚急性
慢性阻塞性肺疾病,细菌感染,诱发-急性加重,"...经常冬季咳嗽 、 咳痰 , 伴或不伴气短, AECOPD 非慢性阻塞性肺疾病肺部疾病病史 如曾疑似哮喘见触发因素 下呼吸道细菌感染 空气污染和寒冷 ,, 、 评估全身性并发症 药物使用及依从.."
慢性支气管炎,呼吸道感染,诱发-急性加重,...可有效预 疗 年（ mg/次， 次/d）可有效降低慢阻肺急防呼吸道感染、减少慢性支气管炎急性感染发作次 性加重次数并缩短急性加重期持续时间。
慢性阻塞性肺疾病,空气污染,诱发-急性加重,...：（）最常见的诱发因素是呼吸道感染（）其他诱发因素包括吸烟、空气污染、吸入过敏原、手术、应用镇静药物、擅自停用吸入药物等（）气胸...
支气管哮喘,呼吸道感染,诱发-急性加重,"mMRC ,总之 呼吸道病毒感染是导致 的常 发热和上呼吸道感染症状 , 如经常冬季咳嗽 、 咳痰 , 伴或不伴气短, AECOPD 非慢性阻塞性肺疾病肺部疾病病史 如曾疑似哮喘见触发因素 下呼吸道细"
慢性阻塞性肺疾病,肺减容手术,诱发-急性加重,"的禁 慢阻肺急性加重的病因和诱发因素：慢阻肺LVRS.
忌证包括： 占预计值 ；"
心力衰竭,糖皮质激素,诱发-急性加重,...现包括右心房增大 右心室肥厚 右束支传 有使用抗菌药物或口服糖皮质激素治疗 病程迁、 、 ( 、导阻滞 肢体导联电压低 型 电轴右 延 每年急性加重超过 次、 、SSS、 、、FEV%pred<
心力衰竭,抗菌药物,诱发-急性加重,... ( )异常表现包括右心房增大 右心室肥厚 右束支传 有使用抗菌药物或口服糖皮质激素治疗 病程迁、 、 ( 、导阻滞 肢体导联电压低 型 电轴右 延 每年急性加重超过 次、 、SSS、 、、FE
慢性阻塞性肺疾病,抗菌药物,诱发-急性加重,"西班牙 诊断和治疗指南中抗菌药物 患者 临床上发现合并医院获得性肺炎AECOPD AECOPD ,推荐[]:()对于无铜绿假单胞菌感染危 或者呼吸机相关性肺炎可以结合影像学痰液性状险因素的患者 主要依"
慢性阻塞性肺疾病,抗感染,诱发-急性加重,...冷汗淋漓、精神萎靡的患者，在有创—无创正压通气、吸氧、平喘、抗感染治疗的基础上，推 无创序贯机械通气和基础治疗（解痉平喘药物、...
肺炎,糖皮质激素,诱发-急性加重,相对少见的病原体包括肺炎 较长时间使用广谱抗菌药物和（或）近期反复全身PA衣原体、肺炎支原体、军团菌、金黄色葡萄球菌 应用糖皮质激素治疗的患者，应注意真菌感染可中华结核和呼吸杂志 年 月第 卷...
心力衰竭,抗感染,诱发-急性加重,心力衰竭加重需与慢阻肺急性加重进行鉴抗感染制剂 大环内酯类药物疫苗 流感疫苗、肺炎球菌疫苗 别，合并慢...
肺炎,抗感染,诱发-急性加重,...社区 痰多质黏色黄，舌红苔黄的患者，在止咳化痰、平喘、获得性肺炎患者日，报告不良反应共例，包括恶心、 持续低流量吸氧、抗感染基础上推荐联合使用痰热清注上腹部不适、静脉炎，与对照组比较，...
肺癌,短效β2受体激动剂,诱发-急性加重,...因可能诱发心房颤动，不利于控制心室 （ ）筛查可及时发现早期肺癌，可作为改善CT LDCT率［ ， ］。
变应性鼻炎,血常规,诱发-急性加重,由变应性鼻炎引起的 、 、X UACS CVA AC外周血常规：白细胞计数和中性粒细胞分类 患者的阳性比例较高， 亦有一定...
心肌梗死,呼吸道感染,诱发-急性加重,急性咳嗽主要与上呼吸道感染有关，但亦有可 （二）急性气管 支气管炎能是少数严重疾病的征象之一，如急性心肌梗死、 急性气管 支气管炎是由生物性或非生物性因左心功能不全、肺...
肺栓塞,呼吸道感染,诱发-急性加重,...的诱发因素，并积极采取行动和措施避免：（）最常见的诱发因素是呼吸道感染（）其他诱发因素包括吸烟、空气污染、吸入过敏原、手术、应用镇静药物、擅自停用吸入药物等（）气胸、胸腔积液、充血性心力衰竭、心
支气管哮喘,口服抗菌药物,诱发-急性加重,相关检查，治疗 感冒 急性支 其他 哮喘 慢性支 支气管 其他气管炎 气管炎 扩张 如有明确细菌感染征象，如咳脓性图急性咳嗽的诊断流程图 痰或外周血白细胞计数增高者，可· · 中华全科医师杂志 年 月
支气管哮喘,细菌感染,诱发-急性加重,"...性阻塞性肺疾病肺部疾病病史 如曾疑似哮喘见触发因素 下呼吸道细菌感染 空气污染和寒冷 ,, 、 评估全身性并发症 药物使用及依从性 如胸痛 下肢水肿 心悸、 , 、 、等因素是 的重要诱因 近年"
支气管炎,激动剂,诱发-急性加重,...咳嗽，感染因素依旧存在，可能需要抗感染治疗，前，伴喘息的急性支气管炎成人患者，使用 受体 建议考虑此部分患者转诊至专科医院，明确其感染激动剂可能受益。
支气管炎,抗感染,诱发-急性加重,未得到病原菌阳性结果 性咳嗽，感染因素依旧存在，可能需要抗感染治疗，前，伴喘息的急性支气管炎成人患者，使用 受体 建议考虑此部分患者转诊至专科医院，明确...
鼻窦炎,抗菌药物,诱发-急性加重,细菌性鼻窦炎多为混合感染，抗菌药物应覆 （）中医认为 多与风邪犯肺、肺气失宣有①CVA盖革兰阳...
鼻窦炎,混合感染,诱发-急性加重,细菌性鼻窦炎多为混合感染，抗菌药物应覆 （）中医认为 多与风邪犯肺、肺气失宣有①CV...
阻塞性睡眠呼吸暂停,ACEI,诱发-急性加重,引起咳嗽的独立危险因素包括：吸烟悬雍垂过长、阻塞性睡眠呼吸暂停% ACEI史、 引起咳嗽的既往史、东亚人（华人）等，与 气管疾病 气管...
阻塞性睡眠呼吸暂停,吸烟,诱发-急性加重,引起咳嗽的独立危险因素包括：吸烟悬雍垂过长、阻塞性睡眠呼吸暂停% ACEI史、 引起咳嗽的既往史、东亚人（华人）等，与 气...
支气管扩张,细菌感染,诱发-急性加重,肺功能检查提示限制性通气功能障碍支气管扩张症 大量脓痰，部分患者可表现为咯血，常伴有细菌感染，听诊可闻及粗湿啰音，可见杵状指， 线胸片或 示支气管扩X ...
肺炎,细菌感染,诱发-急性加重,阻肺急性加重患者合并细菌感染时最常见的临床 中西医结合治疗急性呼吸衰竭可能有助于提高总证候，针对痰热壅肺证患者，在西医规范治疗基础 有效率、撤机成功率、改善血氧和二氧化碳分压、上，酌情加用清热化痰类中
心力衰竭,呼吸道感染,诱发-急性加重,...的诱发因素，并积极采取行动和措施避免：（）最常见的诱发因素是呼吸道感染（）其他诱发因素包括吸烟、空气污染、吸入过敏原、手术、应用镇静药物、擅自停用吸入药物等（）气胸、胸腔积液、充血性心力衰竭、心
肺栓塞,肺功能,诱发-急性加重,引起相似症状的其他疾病，如肺炎、肺栓塞、心力衰 （）肺功能测定：不推荐慢阻肺患者在急性加竭等。
心力衰竭,CT,诱发-急性加重,"...加重风险与严重程度 并借助客观检查进一步 水平升高有助于鉴别心力衰竭引起, NT-proBNP)确定如胸部CT肺气肿气道壁增厚及慢性支气 的急性呼吸困难[]。"
心力衰竭,吸烟,诱发-急性加重,...施避免：（）最常见的诱发因素是呼吸道感染（）其他诱发因素包括吸烟、空气污染、吸入过敏原、手术、应用镇静药物、擅自停用吸入药物等（）气胸、胸腔积液、充血性心力衰竭、心律不齐、肺栓塞等肺内外并发症或
支气管哮喘,气候变化,诱发-急性加重,哮喘患者的气道黏液纤毛清除功能较对照 其在遇到刺激物、气候变化及感染加重时尤为明显。
鼻窦炎,抗感染,诱发-急性加重,诊断：根据慢性咳嗽病史、支气管激发试验‑细菌性鼻窦炎多为混合感染，抗感染是重要治疗措 和抗哮喘治疗有效综合分析作出诊断。
支气管哮喘,混合感染,诱发-急性加重,诊断：根据慢性咳嗽病史、支气管激发试验‑细菌性鼻窦炎多为混合感染，抗感染是重要治疗措 和抗哮喘治疗有效综合分析作出诊断。
支气管哮喘,抗感染,诱发-急性加重,诊断：根据慢性咳嗽病史、支气管激发试验‑细菌性鼻窦炎多为混合感染，抗感染是重要治疗措 和抗哮喘治疗有效综合分析作出诊断。
支气管扩张,ACEI,诱发-急性加重,支气管扩张和管腔变形，支气管扩张症的主要病变 （四） 和其他药物诱发的咳嗽ACEI部位为亚段支气管。
支气管哮喘,空气污染,诱发-急性加重,"...疾病肺部疾病病史 如曾疑似哮喘见触发因素 下呼吸道细菌感染 空气污染和寒冷 ,, 、 评估全身性并发症 药物使用及依从性 如胸痛 下肢水肿 心悸、 , 、 、等因素是 的重要诱因 近年来 嗜酸粒"
糖尿病,吸烟,诱发-急性加重,...患病高风险人群 凡有慢阻肺危险结合中国的临床实际，参考近年来糖尿病和高脂血症 因素如年龄≥ 岁、早产、出生低体质量、儿童时等慢性疾病管理的临床经验，邀请多位慢阻肺专家 期反复发生下呼吸道感染、中
贫血,肺功能,诱发-急性加重,确定有无感染，有信心 有无贫血，合并其他血液疾病等我睡得好、、、、、因为我有肺病我 肺功能检查 含支气管舒张试验。
支气管哮喘,污染物,诱发-急性加重,...恶化，同时可伴有呼您父母、兄弟姐妹及子女中， 是是否有人患有支气管哮喘、慢 否吸急促和/或心动过速，通常与感染、污染物或其他性支气管炎、肺气肿或慢阻肺诱因所致的肺部和全身炎症反应...
支气管炎,污染物,诱发-急性加重,...有人患有支气管哮喘、慢 否吸急促和/或心动过速，通常与感染、污染物或其他性支气管炎、肺气肿或慢阻肺诱因所致的肺部和全身炎症反应增加有关［］。
流行性感冒,呼吸道感染,诱发-急性加重,嗽主要包括急性上呼吸道感染 ( 包括普通感冒、年月日在中华中医药学会、世界中医药学会流行性感冒、急性咽喉炎、鼻炎、副鼻窦炎等)联合会于武汉举办的肺系病学术...
呼吸衰竭,细菌感染,诱发-急性加重,阻肺急性加重患者合并细菌感染时最常见的临床 中西医结合治疗急性呼吸衰竭可能有助于提高总证候，针对痰热壅肺证患者，在西医规范治疗基础...
支气管扩张,抗感染,诱发-急性加重,初始经验性抗感染药物的选择推荐参考 行调整[] 对于合并肺炎或支气管扩张症的AECOPD 。
糖尿病,吸烟史,诱发-急性加重,...括年≥.mmol/L量异常，即口服 葡萄糖负荷后 血糖 龄、吸烟史、慢阻肺家族遗传倾向、低出生体重、儿gh ≥即可诊断 型糖尿病，并不要求患者一 童时期下呼吸道感染、特应性，甚至出现某些呼...
肺结核,LABA联合LAMA,诱发-急性加重,感染或近期有肺结核感染的患者，应谨慎使用LABA+LAMA长效 受体激动剂（ ， ［ ］。
肺结核,激动剂,诱发-急性加重,感染或近期有肺结核感染的患者，应谨慎使用LABA+LAMA长效 受体激动剂（ ， ［ ］。
心力衰竭,空气污染,诱发-急性加重,...：（）最常见的诱发因素是呼吸道感染（）其他诱发因素包括吸烟、空气污染、吸入过敏原、手术、应用镇静药物、擅自停用吸入药物等（）气胸、胸腔积液、充血性心力衰竭、心律不齐、肺栓塞等肺内外并发症或合并症
肺栓塞,吸烟,诱发-急性加重,...施避免：（）最常见的诱发因素是呼吸道感染（）其他诱发因素包括吸烟、空气污染、吸入过敏原、手术、应用镇静药物、擅自停用吸入药物等（）气胸、胸腔积液、充血性心力衰竭、心律不齐、肺栓塞等肺内外并发症或
肺栓塞,空气污染,诱发-急性加重,...：（）最常见的诱发因素是呼吸道感染（）其他诱发因素包括吸烟、空气污染、吸入过敏原、手术、应用镇静药物、擅自停用吸入药物等（）气胸、胸腔积液、充血性心力衰竭、心律不齐、肺栓塞等肺内外并发症或合并症
慢性支气管炎,生物制剂,诱发-急性加重,...A+ICS ICS出院早期的 患者，仍处于急性加 （ 且患有慢性支气管炎）或阿奇霉素（既AECOPD FEV<%重 稳定期的过渡期，易出现病情反复、诱发心血管 往吸烟患者），也可尝试生物制剂。
呼吸衰竭,抗感染,诱发-急性加重,推荐意见：对慢阻肺急性加重期合并呼吸衰竭且推荐意见：对于慢阻肺急性加重期合并呼吸衰竭， 存在有创机械通气指征，兼咳嗽、憋喘、心慌、面色苍兼发热、咳嗽、咯痰不利、舌红、苔黄的患者，在间断 白、四肢冰冷、
呼吸衰竭,呼吸道感染,诱发-急性加重,呼吸衰竭的血气诊断标准为海平面呼气体接触史;有家族聚集倾向;多于中年以后发病，好发于秋 吸空气时动脉血氧分压(PaO ) ＜mmHg(mmHg≈.冬寒冷季节，常有反复呼吸道感染及急性加重史。
肺功能,慢性咳嗽,检查-评估-症状,第 秒用力呼气容积 依据上述肺功能分级和对症状及急性加重风GOLD FEV表慢性阻塞性肺疾病（...
肺功能,咳痰,检查-评估-症状,"...D AECOPD 、 、床表现 即患者呼吸困难 咳嗽和 或 咳痰等主 稳定期肺功能与既往 综合研判, 、 ( ) ABG、 AECOPD诉症状..."
肺功能,呼吸困难,检查-评估-症状,...ed respiratory disease and）问卷和肺功能问卷（ 压力定量吸入气雾剂时可以加用储雾罐协助，可显著提exacerbation risk lung function 高药物在
肺功能,头痛,检查-评估-症状,"...is,March,Vol.,No.更好的持续扩张小气道，改善肺功能和呼吸 头痛、头晕。"
肺功能,头晕,检查-评估-症状,"...is,March,Vol.,No.更好的持续扩张小气道，改善肺功能和呼吸 头痛、头晕。"
呼吸频率,呼吸困难,检查-评估-症状,...者呼吸性酸中毒，降低 、PaCO机械通气策略有助于早日撤机［呼吸频率、呼吸困难程度，缩短住院时间，减少病死（四）出院、访视及预防率和气管插...
CT,头痛,检查-评估-症状,证据概述：项RCT研究（例）[] 提示与对照推荐依据：疏风解毒胶囊功擅疏风清热，解毒利咽， 组相比，联合痰热清注射液可缩短咳嗽、咳痰时间（MD联合使用可有效缓解慢阻肺患者发热，咳嗽，头痛，咽 -.，%
心电图,慢性咳嗽,检查-评估-症状,...感性高症见咳嗽声重，气急咽痒，咳痰稀薄色白，鼻 但特异性低，心电图、 线胸片及超声心动图对鉴塞，流清涕，头痛，苔薄白，脉浮或浮...
心电图,咳痰,检查-评估-症状,血浆 二聚体敏感性高症见咳嗽声重，气急咽痒，咳痰稀薄色白，鼻 但特异性低，心电图、 线胸片及超声心动图对鉴塞，流清涕，头痛，苔薄白，脉浮或浮...
心电图,流清涕,检查-评估-症状,...感性高症见咳嗽声重，气急咽痒，咳痰稀薄色白，鼻 但特异性低，心电图、 线胸片及超声心动图对鉴塞，流清涕，头痛，苔薄白，脉浮或浮紧。
心电图,头痛,检查-评估-症状,...感性高症见咳嗽声重，气急咽痒，咳痰稀薄色白，鼻 但特异性低，心电图、 线胸片及超声心动图对鉴塞，流清涕，头痛，苔薄白，脉浮或浮紧。
心电图,脉浮,检查-评估-症状,...感性高症见咳嗽声重，气急咽痒，咳痰稀薄色白，鼻 但特异性低，心电图、 线胸片及超声心动图对鉴塞，流清涕，头痛，苔薄白，脉浮或浮紧。
心电图,呼吸困难,检查-评估-症状,"...伤都会增加患者死亡风险[]因此示糖皮质激素治疗反应性好[] 心电图异常或呼吸困难比 预期更严重AECOPD文献报道在除外合并哮喘后,%~%应..."
血气分析,中成药,检查-评估-症状,纳入以上文献困难、发热等）、病死率、血气分析 （动脉血氧分压 中提及的中成药。
呼吸频率,中成药,检查-评估-症状,中成药：外感风热初期发热无汗咽痛， 氧饱和度，降低心率、呼吸频率［-］。
肺功能,气虚,检查-评估-症状,肺肾气虚证 于改善慢阻肺稳定期患者的焦虑、抑郁状态有较好疗效，但候中成药予百令胶囊［-，-］治疗可延缓肺功能下降( 推荐 目前文献证据质量相对较低，或是文献量偏少，甚至...
肺功能,中成药,检查-评估-症状,...虚证 于改善慢阻肺稳定期患者的焦虑、抑郁状态有较好疗效，但候中成药予百令胶囊［-，-］治疗可延缓肺功能下降( 推荐 目前文献证据质量相对较低，或是文献量偏少，甚至...
CT,气虚,检查-评估-症状,...慢阻肺 证据概述：项随机、安慰剂对照、多中心、双盲稳定期肺肾气虚证GOLD~级患者周，较对照组 RCT（例）[]报道了黄龙咳喘胶囊治疗慢阻肺稳定期可改善喘息（MD...
CT,中成药,检查-评估-症状,C级证据）年版《中国药典》，在《中成药治疗慢性阻塞性肺证据概述：项RCT研究（例）[]表明与对照 疾病临床应用指南（年）》[]中推荐...
CT,胸闷,检查-评估-症状,...推荐依据：润肺膏功效润肺益气，止咳化痰，可缓 证据概述：项RCT（例）[]报道了补中益解慢阻肺稳定期患者胸闷、咳嗽咳痰、气喘出汗等症状。
CT,腹泻,检查-评估-症状,证据概述：项RCT研究（例）[]报道了百安全性：纳入的项研究中，项[]研究（例） 令胶囊联合异丙托溴胺气雾剂治疗慢阻肺稳定期GOLD报告了联合使用补中益气汤周的不良反应，包括口级肺肾气虚证患者个月，较
CT,流清涕,检查-评估-症状,推荐依据：RCT研究显示，选择联合太极拳、八段 推荐意见：对于慢阻肺急性加重期咳嗽，喘息，锦、穴位贴敷、温针灸治疗可显著改善患者呼吸困难症 恶寒，发热，痰白，流清涕，肢体酸痛，舌苔薄白的患者，状和（或
CT,肢体酸痛,检查-评估-症状,推荐依据：RCT研究显示，选择联合太极拳、八段 推荐意见：对于慢阻肺急性加重期咳嗽，喘息，锦、穴位贴敷、温针灸治疗可显著改善患者呼吸困难症 恶寒，发热，痰白，流清涕，肢体酸痛，舌苔薄白的患者，状和（或
CT,腹胀,检查-评估-症状,...注射液辅助治疗慢阻肺急性加重期合并Ⅱ型呼吸衰 证据概述：项RCT研究（例）[]显示较对竭、经无创呼吸机通气及呼吸兴奋剂治疗无效并具备气 照组，联合加味凉膈散能够改善患者的腹胀证候评分管插管指征的
线胸片,慢性咳嗽,药物-缓解-症状,...查：用于检测患CTIgE管狭窄、支气管扩张等，对于一些少见的慢性咳嗽 者是否存在特应质和确定变应原类型，有助于变应病因，如支气管结石、复发性多软骨炎、支气管异 性疾病［如变应性鼻炎和变应性咳嗽（
线胸片,咳痰,药物-缓解-症状,线胸片对确定肺部并 对有慢性咳嗽或咳痰、呼吸困难、反复下呼吸发症及与其他疾病（如肺间质纤维化、肺结...
线胸片,呼吸困难,药物-缓解-症状,线胸片对确定肺部并 对有慢性咳嗽或咳痰、呼吸困难、反复下呼吸发症及与其他疾病（如肺间质纤维化、肺结核等）鉴道...
支气管舒张剂,呼吸困难,药物-缓解-症状,"...评估：慢阻肺急性加重可分为..
会 （ ， 轻度（仅需要短效支气管舒张剂治疗）、中度［使用modified British medical research council）呼吸困难问卷［ ］（"
长效β2受体激动剂,头痛,药物-缓解-症状,"...h,Vol.,No.更好的持续扩张小气道，改善肺功能和呼吸 头痛、头晕。"
长效β2受体激动剂,头晕,药物-缓解-症状,"...ol.,No.更好的持续扩张小气道，改善肺功能和呼吸 头痛、头晕。"
长效β2受体激动剂,呼吸困难,药物-缓解-症状,在以减少急性加重为治疗目标的随访路径中， 无论是以改善呼吸困难还是控制急性加重为呼吸困难 急性加重LAMA LABA LA...
LABA联合LAMA,慢性咳嗽,药物-缓解-症状,...虚证：活动后气短，疲 联合补中益气汤 弱推荐 DB组和E组以LABA+LAMA劳，伴食欲减退作为初始治疗选择，同时基肺肾两虚证：咳嗽、痰白质...
吸入药物,慢性咳嗽,药物-缓解-症状,...D治疗策略：联合玉屏风颗粒 强推荐 C质量 患者 加重 初始吸入药物治疗：A组患者选择一种支气管舒张剂，肺脾气虚证：活动后气短，...
长效毒蕈碱拮抗剂,呼吸困难,药物-缓解-症状,在以减少急性加重为治疗目标的随访路径中， 无论是以改善呼吸困难还是控制急性加重为呼吸困难 急性加重LAMA LABA LA...
LABA联合LAMA,呼吸困难,药物-缓解-症状,一些患者如果既往用LABA+ICS能吸入技术及依从性 中药治疗 启动管理体力活动和运动 非药物治疗 戒烟 够控制呼吸困难和急性加重，仍然可以继续用，但需要进行呼吸康复 接种疫苗自我...
ICS联合LABA,呼吸困难,药物-缓解-症状,...虑 LABALAMA+LABA D CAT>EOS≥/μl ICS+LABA+三联治疗，尤其是重度或以上气流受限者 治疗后发生急性加重LAMA LAMA+LABA图慢性阻塞性肺疾病稳定期初始治疗
吸入性糖皮质激素,呼吸困难,药物-缓解-症状,在以减少急性加重为治疗目标的随访路径中， 无论是以改善呼吸困难还是控制急性加重为呼吸困难 急性加重LAMA LABA LA...
糖皮质激素,呼吸困难,药物-缓解-症状,上 随访和家庭护理计划安排妥当 如随访基 气管舒张剂 吸入糖皮质激素对改善呼吸困难症状;() ( 、层社区医师家庭医疗等与肺功能减少急性加重有...
抗菌药物,呼吸困难,药物-缓解-症状,"...
或社区支持不足 有抗菌治疗指征者，在评估病原体、采样后应用抗菌药物有指征者，建议使用无创通气动态监测液体、电解质和酸碱平衡预防深静脉栓塞症评估和处理合并症（如心力衰竭、心律失常、肺栓塞等）符合"
吸入性糖皮质激素,慢性咳嗽,药物-缓解-症状,表中西医联合防治慢性阻塞性肺疾病临床应用指南推荐意见摘要分期/合并症 目的 适用人群 证候 西医基础治疗 推荐意见 推荐...
第一代抗组胺药物,慢性咳嗽,药物-缓解-症状,推荐由第一代抗组胺药物、减充 亚急性咳嗽最常见的原因是 ，其次为‑C PICfmx...
镇咳药物,慢性咳嗽,药物-缓解-症状,...e of Chest Physicians ACCP菌药物和镇咳药物，收效甚微并产生诸多不良反 洲呼吸学会（ ， ）等Europ...
口服抗菌药物,慢性咳嗽,药物-缓解-症状,"...inJGenPract March,Vol.,No.考虑给予口服抗菌药物。"
激动剂,慢性咳嗽,药物-缓解-症状,...力或自汗，动则加重，畏风，易感冒，注：LABA=长效β 受体激动剂，LAMA=长效抗胆碱能制剂，纳呆或食少，胃脘胀满或腹胀或便...
激动剂,喘息,药物-缓解-症状,...舒张剂 LAMA+LABA. . . 肺脾气虚 症状：咳嗽或喘息、气短，动则并且不需要入院 mMRC为~分， mMRC≥分，CAT<分 CAT≥分 加重，神疲、乏力或自汗，动则加重，畏风，易感冒
减充血剂,慢性咳嗽,药物-缓解-症状,（）减充血剂与抗组胺药：减充血剂与第一 外证据表明，抗菌药物治疗对急性气...
黏液溶解剂,慢性咳嗽,药物-缓解-症状,是炎症刺激上呼吸道咳嗽感受器所致，指南建议用 （）祛痰剂及黏液溶解剂等（如羧甲司坦 ，mg替代 ［］。
羧甲司坦,慢性咳嗽,药物-缓解-症状,...吸道咳嗽感受器所致，指南建议用 （）祛痰剂及黏液溶解剂等（如羧甲司坦 ，mg替代 ［］。
受体阻断剂,慢性咳嗽,药物-缓解-症状,... 颈椎病、肝海绵状血管瘤、迷走神经球瘤、乳糜泻、舌异丙酚、 受体阻断剂、来氟米特、辛伐他汀、 干下异位甲状腺、外耳道耵聍、胸膜子宫...
长效β2受体激动剂,慢性咳嗽,药物-缓解-症状,...重，神疲、乏力或自汗，动则加重，畏风，易感冒，注：LABA=长效β 受体激动剂，LAMA=长效抗胆碱能制剂，纳呆或食少，胃脘胀满或腹胀或便...
长效毒蕈碱拮抗剂,慢性咳嗽,药物-缓解-症状,次或次急性加重 一种支气管舒张剂 LAMA+LABA. . . 肺脾气虚 症状：咳嗽或喘息、气短，动则并且不需要入院 m...
抗菌药物,慢性咳嗽,药物-缓解-症状,...对口服. ICS疗 周以上，初期可短期口服小剂量糖皮质激素 抗菌药物治疗无反应，或口服抗菌药物治疗失败时（ ）［ ， （］ ）。
促胃动力药,慢性咳嗽,药物-缓解-症状,动力药：促胃动力药对缓解 相关症状可能有GERD诊断标准：（）慢性咳嗽，以白天咳嗽常见， 效，建议对于 患者，可在抑酸基础上联用促...
中枢性镇咳药,慢性咳嗽,药物-缓解-症状,中枢性镇咳药是指作用于延· · 中华全科医师杂志 年 月第 卷第 期 ，...
线胸片,流清涕,药物-缓解-症状,...咳嗽声重，气急咽痒，咳痰稀薄色白，鼻 但特异性低，心电图、 线胸片及超声心动图对鉴塞，流清涕，头痛，苔薄白，脉浮或浮紧。
线胸片,头痛,药物-缓解-症状,...咳嗽声重，气急咽痒，咳痰稀薄色白，鼻 但特异性低，心电图、 线胸片及超声心动图对鉴塞，流清涕，头痛，苔薄白，脉浮或浮紧。
线胸片,脉浮,药物-缓解-症状,...咳嗽声重，气急咽痒，咳痰稀薄色白，鼻 但特异性低，心电图、 线胸片及超声心动图对鉴塞，流清涕，头痛，苔薄白，脉浮或浮紧。
支气管舒张剂,慢性咳嗽,药物-缓解-症状,...推荐 C质量 患者 加重 初始吸入药物治疗：A组患者选择一种支气管舒张剂，肺脾气虚证：活动后气短，疲 联合补中益气汤 弱推荐 DB组...
短效β2受体激动剂,呼吸困难,药物-缓解-症状,LABAh SABA持续扩张小气道、改善肺功能和呼吸困难症状，可 当外周血 水平较高时，急性加重高风险EOS作为有明...
吸入性糖皮质激素,心动过速,药物-缓解-症状,...独使用 不能阻止 的/d ICS FEV不良反应：总体而言，吸入性 受体激动剂的 降低趋势，也不能改变慢阻肺患者的病死率，因此不良反应远低于口服剂型，相对常见的不良反应有 不推荐稳定期慢阻肺患者
激动剂,心动过速,药物-缓解-症状,...阻止 的/d ICS FEV不良反应：总体而言，吸入性 受体激动剂的 降低趋势，也不能改变慢阻肺患者的病死率，因此不良反应远低于口服剂型，相对常见的不良反应有 不推荐稳定期慢阻肺患者单用 治疗，
糖皮质激素,心动过速,药物-缓解-症状,...反应有 不推荐稳定期慢阻肺患者单用 治疗，也不推荐ICS窦性心动过速、肌肉震颤（通常为手颤），不常见的 长期口服糖皮质激素。
抗胆碱能药物,慢性咳嗽,药物-缓解-症状,... 联合小青龙汤 弱推荐 专家共识闷，痰稀薄、量多，易咯出，效抗胆碱能药物）作为急性恶寒，舌苔白滑 加重的初始支气管舒张剂治疗；
激动剂,中成药,药物-缓解-症状,干 预 措 施为此，在《中成药治疗优势病种临床应用指南》 （intervention/indicator，I）：中成药单独使用或联合标准化项目的委托下，中国中药协会肺病药物研究专 西医治疗（如长效胆碱
糖皮质激素,中成药,药物-缓解-症状,干 预 措 施为此，在《中成药治疗优势病种临床应用指南》 （intervention/indicator，I）：中成药单独使用或联合标准化项目的委托下，中国中药协会肺病药物研究专 西医治疗（如长效胆碱
线胸片,变应性咳嗽,药物-缓解-症状,...支气管结石、复发性多软骨炎、支气管异 性疾病［如变应性鼻炎和变应性咳嗽（ ，atopiccough物、早期间质性肺疾病等， 线胸片不易发现此类 ）］的诊断。
减充血剂,喘息,药物-缓解-症状,...病因治疗： 非变应性鼻炎以及普通感冒： 主要临床表现，无明显喘息、气促等症状，但存在气推荐首选口服第一代抗组胺药和减充血剂治 道高反应性。
糖皮质激素,喘息,药物-缓解-症状,鼻用糖皮质激素包括糠酸莫米松、丙酸氟 分典型哮喘患者虽有一过性喘息症状，但持续性咳地卡松和布地奈德鼻喷剂等。
抑酸药物,慢性咳嗽,药物-缓解-症状,（）抑酸药物：推荐抑.%~% GERC者可伴反酸、胸骨后烧灼感及嗳气等典...
他汀类药物,慢性咳嗽,药物-缓解-症状,他汀类药物［ ］、甘露醇吸入也可能有助‑在社区流行病学调查中，慢性支气管炎是常 于支气管扩张症治疗，但不推荐常规临床应见疾病，然而在专科门诊诊治的慢性咳嗽患者中， 用［ ］（ ）。
支气管舒张剂,肺脾气虚,药物-缓解-症状,...推荐 C质量 患者 加重 初始吸入药物治疗：A组患者选择一种支气管舒张剂，肺脾气虚证：活动后气短，疲 联合补中益气汤 弱推荐 DB组和E组以L...
支气管舒张剂,喘息,药物-缓解-症状,...推荐 C质量 患者 加重 初始吸入药物治疗：A组患者选择一种支气管舒张剂，肺脾气虚证：活动后气短，疲 联合补中益气汤 弱推荐 DB组和E组以LABA+LAMA劳，伴食欲减退作为初始治疗选择，同时
支气管舒张剂,乏力,药物-缓解-症状,次或次急性加重 一种支气管舒张剂 LAMA+LABA. . . 肺脾气虚 症状：咳嗽或喘息、气短，动则并且不需要入院 mMRC为~分， mMRC≥分，CAT<分 CAT≥分 加重，神疲、乏力或自汗，动
支气管舒张剂,自汗,药物-缓解-症状,次或次急性加重 一种支气管舒张剂 LAMA+LABA. . . 肺脾气虚 症状：咳嗽或喘息、气短，动则并且不需要入院 mMRC为~分， mMRC≥分，CAT<分 CAT≥分 加重，神疲、乏力或自汗，动
长效毒蕈碱拮抗剂,肺脾气虚,药物-缓解-症状,...次急性加重 一种支气管舒张剂 LAMA+LABA. . . 肺脾气虚 症状：咳嗽或喘息、气短，动则并且不需要入院 mMRC为~分...
长效毒蕈碱拮抗剂,喘息,药物-缓解-症状,...舒张剂 LAMA+LABA. . . 肺脾气虚 症状：咳嗽或喘息、气短，动则并且不需要入院 mMRC为~分， mMRC≥分，...
长效毒蕈碱拮抗剂,乏力,药物-缓解-症状,...为~分， mMRC≥分，CAT<分 CAT≥分 加重，神疲、乏力或自汗，动则加重，畏风，易感冒，注：LABA=长效β 受体激...
长效毒蕈碱拮抗剂,自汗,药物-缓解-症状,...， mMRC≥分，CAT<分 CAT≥分 加重，神疲、乏力或自汗，动则加重，畏风，易感冒，注：LABA=长效β 受体激动剂，...
长效β2受体激动剂,肺脾气虚,药物-缓解-症状,...次急性加重 一种支气管舒张剂 LAMA+LABA. . . 肺脾气虚 症状：咳嗽或喘息、气短，动则并且不需要入院 mMRC为~分， mMRC≥分，CAT<分 CAT≥分 加重，神疲、乏力或自汗，
长效β2受体激动剂,喘息,药物-缓解-症状,...舒张剂 LAMA+LABA. . . 肺脾气虚 症状：咳嗽或喘息、气短，动则并且不需要入院 mMRC为~分， mMRC≥分，CAT<分 CAT≥分 加重，神疲、乏力或自汗，动则加重，畏风，易感冒
长效β2受体激动剂,乏力,药物-缓解-症状,...为~分， mMRC≥分，CAT<分 CAT≥分 加重，神疲、乏力或自汗，动则加重，畏风，易感冒，注：LABA=长效β 受体激动剂，LAMA=长效抗胆碱能制剂，纳呆或食少，胃脘胀满或腹胀或便...
长效β2受体激动剂,自汗,药物-缓解-症状,...， mMRC≥分，CAT<分 CAT≥分 加重，神疲、乏力或自汗，动则加重，畏风，易感冒，注：LABA=长效β 受体激动剂，LAMA=长效抗胆碱能制剂，纳呆或食少，胃脘胀满或腹胀或便...
长效β2受体激动剂,腹胀,药物-缓解-症状,...重，神疲、乏力或自汗，动则加重，畏风，易感冒，注：LABA=长效β 受体激动剂，LAMA=长效抗胆碱能制剂，纳呆或食少，胃脘胀满或腹胀或便溏，舌体胖大或EOS=嗜酸粒细胞计数，ICS=吸入性糖皮
激动剂,肺脾气虚,药物-缓解-症状,...次急性加重 一种支气管舒张剂 LAMA+LABA. . . 肺脾气虚 症状：咳嗽或喘息、气短，动则并且不需要入院 mMRC为~分， mMRC≥分，CAT<分 CAT≥分 加重，神疲、乏力或自汗，
激动剂,乏力,药物-缓解-症状,...为~分， mMRC≥分，CAT<分 CAT≥分 加重，神疲、乏力或自汗，动则加重，畏风，易感冒，注：LABA=长效β 受体激动剂，LAMA=长效抗胆碱能制剂，纳呆或食少，胃脘胀满或腹胀或便...
激动剂,自汗,药物-缓解-症状,...， mMRC≥分，CAT<分 CAT≥分 加重，神疲、乏力或自汗，动则加重，畏风，易感冒，注：LABA=长效β 受体激动剂，LAMA=长效抗胆碱能制剂，纳呆或食少，胃脘胀满或腹胀或便...
激动剂,腹胀,药物-缓解-症状,...力或自汗，动则加重，畏风，易感冒，注：LABA=长效β 受体激动剂，LAMA=长效抗胆碱能制剂，纳呆或食少，胃脘胀满或腹胀或便溏，舌体胖大或EOS=嗜酸粒细胞计数，ICS=吸入性糖皮...
长效毒蕈碱拮抗剂,腹胀,药物-缓解-症状,...体激动剂，LAMA=长效抗胆碱能制剂，纳呆或食少，胃脘胀满或腹胀或便溏，舌体胖大或EOS=嗜酸粒细胞计数，ICS=吸入性糖皮...
吸入性糖皮质激素,乏力,药物-缓解-症状,...为~分， mMRC≥分，CAT<分 CAT≥分 加重，神疲、乏力或自汗，动则加重，畏风，易感冒，注：LABA=长效β 受体激动剂，LAMA=长效抗胆碱能制剂，纳呆或食少，胃脘胀满或腹胀或便溏，舌
吸入性糖皮质激素,自汗,药物-缓解-症状,...， mMRC≥分，CAT<分 CAT≥分 加重，神疲、乏力或自汗，动则加重，畏风，易感冒，注：LABA=长效β 受体激动剂，LAMA=长效抗胆碱能制剂，纳呆或食少，胃脘胀满或腹胀或便溏，舌体胖大
吸入性糖皮质激素,腹胀,药物-缓解-症状,...体激动剂，LAMA=长效抗胆碱能制剂，纳呆或食少，胃脘胀满或腹胀或便溏，舌体胖大或EOS=嗜酸粒细胞计数，ICS=吸入性糖皮质激素。
苏子降气丸,中成药,药物-缓解-症状,"...治疗，根据患者情况推荐合适的中医康复疗 加减[-,]，或选用中成药苏子降气丸[,]、苓桂咳喘法，具有较好的安全性（证据级别：低证据质量；"
苏子降气丸,咳痰,药物-缓解-症状,中成药：吸气促，胸部胀闷，咳痰稀薄色白，常伴鼻塞，流清涕， 苏子降气丸、蛤蚧定喘胶囊/丸等。
苏子降气丸,流清涕,药物-缓解-症状,中成药：吸气促，胸部胀闷，咳痰稀薄色白，常伴鼻塞，流清涕， 苏子降气丸、蛤蚧定喘胶囊/丸等。
抗菌药物,喘息,药物-缓解-症状,② 中度：使用短效支气..肺肾气阴两虚证 ① 喘息、气短，动则加管舒张剂联合抗菌药物，或/和口服糖皮质激素；
抗菌药物,意识障碍,药物-缓解-症状,... 性加重 基层医疗机构无必需的医疗设备 技术诊患者 应在开始抗菌药物治疗前留取合 治 患者意识状态改变 如出现嗜睡 谵妄或AEC...
羧甲司坦,呼吸困难,药物-缓解-症状,...护理计划安排妥当 如随访基 气管舒张剂 吸入糖皮质激素对改善呼吸困难症状;() ( 、层社区医师家庭医疗等与肺功能减少急性加重有益[]口服乙酰半患者出院时 应该已明确制定了有 胱氨酸 羧甲司坦等
支气管舒张剂,气虚,药物-缓解-症状,...荐意见 推荐级别 证据等级稳定期 改善生活 慢阻肺稳定期 肺气虚证：易感冒，反复急性 参考GOLD治疗策略：联合玉屏风颗粒 强推荐 C质量 患者 加重 初始吸入药物治疗：A组患者选择一种支气管舒
联合制剂,气虚,药物-缓解-症状,...在多项指南[，，]中推荐用于慢阻肺稳定期（肺素与支气管舒张剂联合制剂、化痰剂等，能缓解临床症 脾气虚）的治疗。
长效毒蕈碱拮抗剂,气虚,药物-缓解-症状,根据患者急性加重可治疗特征升级治疗方案为 气虚证患者治疗个月可显著降低年内急性加重次数LAMA+LABA或...
长效β2受体激动剂,气虚,药物-缓解-症状,根据患者急性加重可治疗特征升级治疗方案为 气虚证患者治疗个月可显著降低年内急性加重次数LAMA+LABA或...
吸入性糖皮质激素,气虚,药物-缓解-症状,根据患者急性加重可治疗特征升级治疗方案为 气虚证患者治疗个月可显著降低年内急性加重次数LAMA+LABA或...
吸入性糖皮质激素,喘息,药物-缓解-症状,...质稀，于EOS水平指导ICS的联 联合固肾定喘丸 弱推荐 D喘息、活动后加重，腰膝酸痛 合治疗；
吸入药物,气虚,药物-缓解-症状,...荐意见 推荐级别 证据等级稳定期 改善生活 慢阻肺稳定期 肺气虚证：易感冒，反复急性 参考GOLD治疗策略：联合玉屏风颗粒 强推荐 C质量 患者 加重 初始吸入药物治疗：A组患者选择一种支气管舒
吸入药物,肺脾气虚,药物-缓解-症状,...D治疗策略：联合玉屏风颗粒 强推荐 C质量 患者 加重 初始吸入药物治疗：A组患者选择一种支气管舒张剂，肺脾气虚证：活动后气短，疲 联合补中益气汤 弱推荐 DB组和E组以L...
吸入药物,喘息,药物-缓解-症状,...D治疗策略：联合玉屏风颗粒 强推荐 C质量 患者 加重 初始吸入药物治疗：A组患者选择一种支气管舒张剂，肺脾气虚证：活动后气短，疲 联合补中益气汤 弱推荐 DB组和E组以LABA+LAMA劳，伴
LABA联合LAMA,气虚,药物-缓解-症状,...荐意见 推荐级别 证据等级稳定期 改善生活 慢阻肺稳定期 肺气虚证：易感冒，反复急性 参考GOLD治疗策略：联合玉屏风颗粒 强推荐 C质量 患者 加重 初始吸入药物治疗：A组患者选择一种支气管舒
LABA联合LAMA,肺脾气虚,药物-缓解-症状,...患者 加重 初始吸入药物治疗：A组患者选择一种支气管舒张剂，肺脾气虚证：活动后气短，疲 联合补中益气汤 弱推荐 DB组和E组以LABA+LAMA劳，伴食欲减退作为初始治疗选择，同时基肺肾两虚证：
LABA联合LAMA,喘息,药物-缓解-症状,...虚证：活动后气短，疲 联合补中益气汤 弱推荐 DB组和E组以LABA+LAMA劳，伴食欲减退作为初始治疗选择，同时基肺肾两虚证：咳嗽、痰白质稀，于EOS水平指导ICS的联 联合固肾定喘丸 弱推荐
吸入性糖皮质激素,肺脾气虚,药物-缓解-症状,...患者 加重 初始吸入药物治疗：A组患者选择一种支气管舒张剂，肺脾气虚证：活动后气短，疲 联合补中益气汤 弱推荐 DB组和E组以L...
抗胆碱能药物,喘息,药物-缓解-症状,（）将短效吸入性 β受外寒内饮证：咳嗽，喘息，胸 体激动剂（联合或不联合短 联合小青龙汤 弱推荐 专家共识闷，痰稀薄、量多，易咯出，效抗胆碱能药物）作为急性恶寒，舌苔白滑 加重的初始支气管舒张剂治疗；
吸烟,心血管疾病,危险因素-疾病,对于暂时没有戒烟意愿的吸烟者采取慢阻肺合并症的评估：在对慢阻肺患者进行 “ ”干预措施增强其戒烟动机，“ ”包括： 相关.RR ①病情严重程度的综合评估时，还应注意患者的各种 （ ）：使吸烟者认识到戒
慢性阻塞性肺疾病,吸烟,危险因素-疾病,...施避免：（）最常见的诱发因素是呼吸道感染（）其他诱发因素包括吸烟、空气污染、吸入过敏原、手术、应用镇静药物、擅自停用吸入药物...
慢性阻塞性肺疾病,呼吸道感染,危险因素-疾病,...时等慢性疾病管理的临床经验，邀请多位慢阻肺专家 期反复发生下呼吸道感染、中重度吸烟、长期粉尘组成慢阻肺中西医结合管理专家共识写作组...
慢性阻塞性肺疾病,细菌感染,危险因素-疾病,发病和加剧的重要因素，病毒和（或）细菌感染是慢引用本文：中华医学会呼吸病学分会慢性阻塞性肺疾病学组 中国医师协会呼吸医师分会慢性阻塞性肺疾病工作委员会 慢...
支气管哮喘,呼吸道感染,危险因素-疾病,...吸矛盾运动，部分患者在呼吸困难加史、结核病史［ ］、儿童时期呼吸道感染［ ］及呼吸道 重时采用缩唇呼吸方式和（或）前倾体位；
肺炎,吸烟,危险因素-疾病,良反应发生率低，但 有增加肺炎发病率的风ICS不良反应和注意事项：总体来说，吸入抗胆碱能药 险［ ］，发生肺炎的高危因素如下［ ］： 吸烟；
心力衰竭,抗感染,危险因素-疾病,心力衰竭加重需与慢阻肺急性加重进行鉴抗感染制剂 大环内酯类药物疫苗 流感疫苗、肺炎球菌疫苗 别，合并慢...
支气管扩张,吸烟,危险因素-疾病,研究发现，合并支气管扩张与慢阻肺%~%焦虑和抑郁是慢阻肺重要合并症，常发生于年 急性加重病程延长、气道铜绿假单孢菌定植、病死轻女性、吸烟、 较低、咳嗽、圣乔治呼吸问卷评 率升高相关［ ］。
肺癌,吸烟史,危险因素-疾病,‐（四）肺癌 （八）阻塞性睡眠呼吸暂停（ ）OSA肺气肿和肺癌的相关性高于气流受限和肺癌 慢阻肺患者合并 的患病率为OSA%~的相关性［ ］，同时具有肺气肿和气流受限者肺 ［ ］，中重度慢阻肺患者 患
阻塞性睡眠呼吸暂停,吸烟史,危险因素-疾病,‐（四）肺癌 （八）阻塞性睡眠呼吸暂停（ ）OSA肺气肿和肺癌的相关性高于气流受限和肺癌 慢阻肺患者合并 的患病率为OSA%~的相关性［ ］，同时具有肺气肿和气流受限者肺 ［ ］，中重度慢阻肺患者 患
慢性阻塞性肺疾病,吸烟史,危险因素-疾病,...括年≥.mmol/L量异常，即口服 葡萄糖负荷后 血糖 龄、吸烟史、慢阻肺家族遗传倾向、低出生体重、儿gh ≥即可诊断 型糖尿...
慢性阻塞性肺疾病,空气污染,危险因素-疾病,.../ /常，基于此，近期国际上提出了较多新术语（见 吸道感染、空气污染或其他肺部损伤引起的局部和表 ）［］，旨在结合一级和二级预防...
支气管哮喘,吸烟,危险因素-疾病,...urrent smoker.（RR=.）.重度急性加重事◼ 吸烟状态：对于不同吸烟状态人群，中/重度急性加重事件Overal...
慢性阻塞性肺疾病,二氧化硫,危险因素-疾病,...雾与吸烟具有协同作用空气污染：颗粒物质（ ）和有害气体物质（二氧化硫、二氧化氮、臭氧和一氧化碳等）与慢阻肺的发病呈暴露剂量、时间...
慢性阻塞性肺疾病,二氧化氮,危险因素-疾病,...有协同作用空气污染：颗粒物质（ ）和有害气体物质（二氧化硫、二氧化氮、臭氧和一氧化碳等）与慢阻肺的发病呈暴露剂量、时间相. PM...
慢性阻塞性肺疾病,二氧化硅,危险因素-疾病,...发病呈暴露剂量、时间相. PM关性［⁃职业性粉尘和化学物质：二氧化硅、煤尘、有机粉尘、过敏原等的浓度过大或接触时间过久，均可导致...
支气管扩张,细菌感染,危险因素-疾病,肺功能检查提示限制性通气功能障碍支气管扩张症 大量脓痰，部分患者可表现为咯血，常伴有细菌感染，听诊可闻及粗湿啰音，可见杵状指， 线胸片或 示支气管扩X ...
支气管哮喘,气候变化,危险因素-疾病,哮喘患者的气道黏液纤毛清除功能较对照 其在遇到刺激物、气候变化及感染加重时尤为明显。
慢性阻塞性肺疾病,抗感染,危险因素-疾病,...冷汗淋漓、精神萎靡的患者，在有创—无创正压通气、吸氧、平喘、抗感染治疗的基础上，推 无创序贯机械通气和基础治疗（解痉平喘药物、...
支气管哮喘,污染物,危险因素-疾病,...恶化，同时可伴有呼您父母、兄弟姐妹及子女中， 是是否有人患有支气管哮喘、慢 否吸急促和/或心动过速，通常与感染、污染物或其他性支气管炎、肺气肿或慢阻肺诱因所致的肺部和全身炎症反应...
肺炎,细菌感染,危险因素-疾病,阻肺急性加重患者合并细菌感染时最常见的临床 中西医结合治疗急性呼吸衰竭可能有助于提高总证候，针对痰热壅肺证患者，在西医规范治疗基础 有效率、撤机成功率、改善血氧和二氧化碳分压、上，酌情加用清热化痰类中
糖尿病,呼吸道感染,危险因素-疾病,...烟史、慢阻肺家族遗传倾向、低出生体重、儿gh ≥即可诊断 型糖尿病，并不要求患者一 童时期下呼吸道感染、特应性，甚至出现某些呼吸.mmol/L定出现三多一少症状［...
肺癌,吸烟,危险因素-疾病,阐述了“哮喘 慢阻肺重叠综合征（ ）”的定义，‐ ACOS肺癌：慢阻肺患者罹患肺癌的概率为普通人 提出了对慢性气道疾病五步诊断法、 的具体. ACOS的 倍，即使控制了吸烟因素后，发生肺癌的概 诊断标
心力衰竭,呼吸道感染,危险因素-疾病,...的诱发因素，并积极采取行动和措施避免：（）最常见的诱发因素是呼吸道感染（）其他诱发因素包括吸烟、空气污染、吸入过敏原、手术、应用镇静药物、擅自停用吸入药物等（）气胸、胸腔积液、充血性心力衰竭、心
肺栓塞,呼吸道感染,危险因素-疾病,...的诱发因素，并积极采取行动和措施避免：（）最常见的诱发因素是呼吸道感染（）其他诱发因素包括吸烟、空气污染、吸入过敏原、手术、应用镇静药物、擅自停用吸入药物等（）气胸、胸腔积液、充血性心力衰竭、心
心力衰竭,吸烟,危险因素-疾病,...施避免：（）最常见的诱发因素是呼吸道感染（）其他诱发因素包括吸烟、空气污染、吸入过敏原、手术、应用镇静药物、擅自停用吸入药物等（）气胸、胸腔积液、充血性心力衰竭、心律不齐、肺栓塞等肺内外并发症或
肺栓塞,吸烟,危险因素-疾病,...施避免：（）最常见的诱发因素是呼吸道感染（）其他诱发因素包括吸烟、空气污染、吸入过敏原、手术、应用镇静药物、擅自停用吸入药物等（）气胸、胸腔积液、充血性心力衰竭、心律不齐、肺栓塞等肺内外并发症或
慢性阻塞性肺疾病,污染物,危险因素-疾病,...，锻炼，戴口罩防护环境因素（吸烟、大气污染、变应原等）：减少污染物暴露疫苗预防：每年 次（秋季）注射流感疫苗；
肺炎,抗感染,危险因素-疾病,...社区 痰多质黏色黄，舌红苔黄的患者，在止咳化痰、平喘、获得性肺炎患者日，报告不良反应共例，包括恶心、 持续低流量吸氧、抗感染基础上推荐联合使用痰热清注上腹部不适、静脉炎，与对照组比较，...
呼吸衰竭,抗感染,危险因素-疾病,推荐意见：对慢阻肺急性加重期合并呼吸衰竭且推荐意见：对于慢阻肺急性加重期合并呼吸衰竭， 存在有创机械通气指征，兼咳嗽、憋喘、心慌、面色苍兼发热、咳嗽、咯痰不利、舌红、苔黄的患者，在间断 白、四肢冰冷、
慢性阻塞性肺疾病,烟草烟雾,危险因素-疾病,...，有文献报道女慢阻肺是一种常见的、可预防和治疗的慢性气 性对烟草烟雾的危害更敏感［， ］。
骨质疏松症,吸烟,危险因素-疾病,危害（ ）：使吸烟者认识② Risk病）、骨骼肌功能障碍、骨质疏松症、焦虑 抑郁、睡 到吸烟的严重健康危害。
支气管哮喘,吸烟史,危险因素-疾病,患者%~% CT慢阻肺应与哮喘、支气管扩张症、充血性心力 往往吸烟史较长，每日痰量较大，加重次数较多，肺衰竭、肺结核和弥漫性泛细...
支气管扩张,吸烟史,危险因素-疾病,患者%~% CT慢阻肺应与哮喘、支气管扩张症、充血性心力 往往吸烟史较长，每日痰量较大，加重次数较多，肺衰竭、肺结核和弥漫性泛细...
肺结核,吸烟史,危险因素-疾病,...者%~% CT慢阻肺应与哮喘、支气管扩张症、充血性心力 往往吸烟史较长，每日痰量较大，加重次数较多，肺衰竭、肺结核和弥漫性泛细支气管炎等相鉴别，尤 功能较差，炎症生物标志物水...
鼻窦炎,吸烟,危险因素-疾病,...障碍CT弥漫性泛细支气管炎 主要发生在亚洲人群中，多为男性非吸烟者，患者几乎均有慢性鼻窦炎， 胸片和高分辨率 示弥漫性小叶中央结X CT节影和过度充气...
呼吸衰竭,吸烟,危险因素-疾病,...（包括烟（）出现严重的合并症如心律失常、心力衰竭、 龄、每日吸烟量等）以及是否使用电子烟和其他烟呼吸衰竭等。
支气管哮喘,烟草烟雾,危险因素-疾病,氨溴索还可通过调节氧化应激反应使慢．戒烟干预：烟草烟雾是包括慢阻肺及哮喘在阻肺急性加重患者获益∞“。
吸入药物,呼吸困难,药物-导致-并发症,...次为频繁加重，应考虑转诊至专科≥医生处就诊（二）慢阻肺的随访吸入药物有无不良反应，使用吸入糖皮质激素是否漱口对于已纳入慢性病综合管理的慢阻肺患者，应运动耐量： 呼吸困难分级 级或以上，转诊进行呼
ACEI,慢性咳嗽,药物-导致-并发症,"...March,Vol.,No.（四） 和其他药物诱发的咳嗽 表慢性咳嗽的少见病因ACEI咳嗽是 类降压药物的常见不良反应，发 分类 疾病ACEI生率..."
支气管舒张剂,咳痰,药物-导致-并发症,...肺诊断的“金标准”，肺功能检查提示肺泡异常所致，以慢性咳嗽、咳痰和活动后气促为主 吸入支气管舒张剂后第 秒用力呼气末容积（FEV ）/要症状，其会导致患者生活...
肺减容手术,呼吸困难,治疗-改善-症状,按需氧疗、无创通气、 学习吸入技术肺减容术、舒缓治疗 缓解呼吸困难 慢阻肺治疗的远期目标是降低患者病死率，表疫苗 制订行动计划...
无创通气,呼吸困难,治疗-改善-症状,...疗指征者，在评估病原体、采样后应用抗菌药物有指征者，建议使用无创通气动态监测液体、电解质和酸碱平衡预防深静脉栓塞症评估和处理合并症（如心力衰竭、心律失常、肺栓塞等）符合以下任意条，考虑入ICU治
无创通气,乏力,治疗-改善-症状,在常规治疗基础上加用无创通气，可状与慢阻肺类似，可能被忽视，例如心力衰竭导致 改善因慢阻肺急性加重所致高碳酸血症患者和心的呼吸困难，抑郁症导致的乏力及体能下降等。
体位引流,慢性咳嗽,治疗-改善-症状,"...排, ; ,采取有效诊断措施 痰治疗 如刺激咳嗽 叩击胸部 体位引流等方。"
手术切除,慢性咳嗽,治疗-改善-症状,肺癌咳嗽的治疗关键在于原发灶的治 的慢性咳嗽病因检查，排除已知的慢性咳嗽病因，疗，放疗、化疗、射频消融术及手术切除肺部肿瘤能 针对慢性咳嗽病因治疗无效的情况下，方可考虑不够缓...
补肺,慢性咳嗽,治疗-改善-症状,病情，及时识别以咳嗽为突出症状的危及生命的疾治法：补肺益肾，温阳止咳 病，并给予正确处理，迅速转诊至有治疗条件的上...
益肾,慢性咳嗽,治疗-改善-症状,病情，及时识别以咳嗽为突出症状的危及生命的疾治法：补肺益肾，温阳止咳 病，并给予正确处理，迅速转诊至有治疗条件的上方药...
肺康复,呼吸困难,治疗-改善-症状,肺康复是对患者进行全面评估后为患积液、充血性心力衰竭、心律不齐、肺栓塞等肺内外者量身打造的个体化综合干预，是改善呼吸困难、并发症或合并症也是加重呼吸道症状的常见原因，健康状况和运动...
戒烟,慢性咳嗽,治疗-改善-症状,...知识、规律用 吸困难导致机体能量过度消耗、消化吸收功能减药、戒烟、疫苗接种、肺康复训练、定期随访、急性发 退，从而出现营养不...
肺康复,慢性咳嗽,治疗-改善-症状,...困难导致机体能量过度消耗、消化吸收功能减药、戒烟、疫苗接种、肺康复训练、定期随访、急性发 退，从而出现营养不良。
戒烟,腹胀,治疗-改善-症状,...然戒 避免在睡前服用~延长 酒或停用镇静剂酒石酸伐尼克兰片 戒烟前 周开始用药，第 天，对伐尼克兰或类似物过敏 恶心，口干，腹胀，便秘，所有接受伐尼克兰治疗的患者都~， 次 ；
阻抗训练,慢性咳嗽,治疗-改善-症状,...包者制定合理、科学的食谱，对摄入正常食物无法满 括有氧运动、阻抗训练、呼吸肌训练、咳嗽和气道足营养需要的患者可以适当给予口服营养...
戒烟,呼吸困难,治疗-改善-症状,...技术及依从性 中药治疗 启动管理体力活动和运动 非药物治疗 戒烟 够控制呼吸困难和急性加重，仍然可以继续用，但需要进行呼吸康复 接种疫苗自我...
补肺,中成药,治疗-改善-症状,级别: D; 推荐强度: 强推荐使用) : 党参g、黄芪 中成药: 肺肾气虚兼血瘀者，可选补肺活血胶g、白术g、茯苓g、杏仁g、川贝母g、地龙 囊［-］(...
宣肺止咳,肺脾气虚,治疗-改善-症状,际; 肺阴亏虚证，加膏肓、太溪; 肺脾气虚者，可..疏风散寒，宣肺止咳类 通宣理肺丸 ( 胶 加脾俞、足三里; 素体阳虚，咳嗽遇冷...
宣肺止咳,慢性咳嗽,治疗-改善-症状,...; 肺阴亏虚证，加膏肓、太溪; 肺脾气虚者，可..疏风散寒，宣肺止咳类 通宣理肺丸 ( 胶 加脾俞、足三里; 素体阳虚，咳嗽遇冷...
活血,胸闷,治疗-改善-症状,⑤ 胸闷甚至气 其标”的原则，以清热、涤痰、活血、宣降肺气、开逆不能平卧；
补肺,肺脾气虚,治疗-改善-症状,（肺气虚证用补肺方，肺脾气虚证用补肺健脾方， 中医辨证方案为：肺脾气虚证采用补肺健脾肺肾...
健脾,肺脾气虚,治疗-改善-症状,（肺气虚证用补肺方，肺脾气虚证用补肺健脾方， 中医辨证方案为：肺脾气虚证采用补肺健脾肺肾气虚证用补肺...
补肺,气虚,治疗-改善-症状,（肺气虚证用补肺方，肺脾气虚证用补肺健脾方， 中医辨证方案为：肺脾气虚证采用...
益肾,气虚,治疗-改善-症状,（肺气虚证用补肺方，肺脾气虚证用补肺健脾方， 中医辨证方案为：肺脾气虚证采用补肺健脾肺肾气虚证用补肺益肾方）可减少患者急性加重次 方，亦可选用六君子汤和黄芪汤加减[...
益肾,中成药,治疗-改善-症状,方药:补肺益肾方［-］( 证据级别 B;推荐强度:中成药:玉屏风颗粒［-］( 冲剂) ( 证据级别 B; 强推荐使用...
健脾,气虚,治疗-改善-症状,（肺气虚证用补肺方，肺脾气虚证用补肺健脾方， 中医辨证方案为：肺脾气虚证采用补肺健脾肺肾气虚证用补肺...
益肾,肺脾气虚,治疗-改善-症状,（肺气虚证用补肺方，肺脾气虚证用补肺健脾方， 中医辨证方案为：肺脾气虚证采用补肺健脾肺肾气虚证用补肺益肾方）可减少患者急性加重次 方，亦可选用六君子汤和黄芪汤加减[...
肺康复,气虚,治疗-改善-症状,B级证据）肾定喘丸联合沙美特罗替卡松及肺康复训练治疗慢阻肺 证据概述：项随机、安慰剂对照、多中心、双盲稳定期肺肾气虚证GOLD~级患者周，较对照组 RCT（例）[]报道了黄龙咳...
舒肺贴,中成药,治疗-改善-症状,"太极拳、针刺、呼吸 亦可选用小青龙汤加减[,]，或选用中成药小青龙导引、穴位贴敷（如舒肺贴、消喘膏等）、益肺灸等 颗粒[,]；"
益肺灸,中成药,治疗-改善-症状,"太极拳、针刺、呼吸 亦可选用小青龙汤加减[,]，或选用中成药小青龙导引、穴位贴敷（如舒肺贴、消喘膏等）、益肺灸等 颗粒[,]；"
活血,气虚,治疗-改善-症状,... 推荐强度: 强推荐使用) : 党参g、黄芪 中成药: 肺肾气虚兼血瘀者，可选补肺活血胶g、白术g、茯苓g、杏仁g、川贝母g、地龙 囊［-］( 证...
活血,祛邪,治疗-改善-症状,...要》引《皆效方》加减［，］( 证据级别:D;推 瘀，故治疗当祛邪( 化痰、活血) 扶正( 补益肺气、补荐强度:强推荐使用) : 法半夏g、...
补肺,祛邪,治疗-改善-症状,...等实证，以虚证为主，以实证为次，故治疗以补益为主如补益肺气、补肺健脾、补肺益肾等，佐以祛邪如 克虎、詹思延、胡镜清、张俊华、陈薇、廖星、宇文亚。
健脾,祛邪,治疗-改善-症状,...要》引《皆效方》加减［，］( 证据级别:D;推 瘀，故治疗当祛邪( 化痰、活血) 扶正( 补益肺气、补荐强度:强推荐使用) : 法半夏g、厚朴g、陈皮 肺健脾、补益肺肾等) 并重［，］。
健脾,喘息,治疗-改善-症状,...，在西医常规治疗基础上，中迷) ;) 肢体瘛疭甚则抽搐;) 喘息气促;) 喉中痰 医辨证治疗方案( 肺脾气虚证用补肺健脾方，肺肾气鸣;) 舌质淡或红、舌苔白腻或黄腻，或脉滑或数。
健脾,慢性咳嗽,治疗-改善-症状,... 三联药物（ICS/LABA/LAMA）联合使用丹龙口服液较健脾益气的功效，可改善慢阻肺患者咳嗽痰多、色白黏 对照组，可改善...
健脾,咳痰,治疗-改善-症状,推荐依据：固肾定喘丸功效温肾纳气、健脾化用法用量：玉屏风颗粒，口服，每次g，每日 痰，可缓解慢阻肺稳定期患者喘息气短、咳嗽咳痰、腰次。
补肺,腹泻,治疗-改善-症状,干、腹泻、恶心、心悸，治疗组与对照组比较差异无统 用法用量：保元汤合人参补肺汤（人参g 黄芪g计学意义（RR.，%CI：.~.）。
补肺,乏力,治疗-改善-症状,...：补中益气汤具有补中益气、升阳举陷的 推荐依据：百令胶囊功效补肺肾，益精气，可改善功效，可通过培补脾胃、滋养气血肌肉，改善慢阻肺患 肺肾亏虚导致的运动不耐受，神疲乏力，腰膝酸软等症者运动不耐受。
肺康复,喘息,治疗-改善-症状,B级证据）肾定喘丸联合沙美特罗替卡松及肺康复训练治疗慢阻肺 证据概述：项随机、安慰剂对照、多中心、双盲稳定期肺肾气虚证GOLD~级患者周，较对照组 RCT（例）[]报道了黄龙咳喘胶囊治疗慢阻肺稳定期可
补肺,头晕,治疗-改善-症状,...：纳入的项研究（例）[，，]中，项项RCT研究[]报告，联合补肺活血胶囊治疗例 研究[]无安全性报告，项研究[]报告未发生不良反应，慢阻肺合并肺动脉高压患者周，记录不良反应包括项研究[]报道，玉
活血,头晕,治疗-改善-症状,...入的项研究（例）[，，]中，项项RCT研究[]报告，联合补肺活血胶囊治疗例 研究[]无安全性报告，项研究[]报告未发生不良反应，慢阻肺合并肺动脉高压患者周，记录不良反应包括项研究[]报道，玉屏风
宣肺止咳,风寒袭肺,治疗-改善-症状,宣肺止咳的功效，联合使用可改善慢阻肺风寒袭肺证使用方法：使用方法见表。
无创通气,慢性咳嗽,治疗-改善-症状,...气，需要注意经 推荐依据：痰热清注射液功擅清热、化痰、解毒，无创通气初始治疗失败而接受有创通气的患者，其并发 联合使用改善慢阻肺...
无创通气,咳痰,治疗-改善-症状,...气，需要注意经 推荐依据：痰热清注射液功擅清热、化痰、解毒，无创通气初始治疗失败而接受有创通气的患者，其并发 联合使用改善慢阻肺急性加重期患者咳嗽咳痰等症状，症更多、住院时间更长、病死率更高，应
活血,肢体酸痛,治疗-改善-症状,...郁化热，烦躁口渴、口苦者，减桂枝，加急性加重期以清热、涤痰、活血、宣肺降气、开窍而立 生石膏g( 先煎) 、黄芩g、桑白皮g;肢体酸痛法，兼顾气阴。
活血,中成药,治疗-改善-症状,级别: D; 推荐强度: 强推荐使用) : 党参g、黄芪 中成药: 肺肾气虚兼血瘀者，可选补肺活血胶g、白术g、茯苓g、杏仁g、川贝母g、地龙 囊［-］( 证...
补肺,喘息,治疗-改善-症状,...，在西医常规治疗基础上，中迷) ;) 肢体瘛疭甚则抽搐;) 喘息气促;) 喉中痰 医辨证治疗方案( 肺脾气虚证用补肺健脾方，肺肾气鸣;) 舌质淡或红、舌苔白腻或黄腻，或脉滑或数...
补肺,意识障碍,治疗-改善-症状,...搐;) 喘息气促;) 喉中痰 医辨证治疗方案( 肺脾气虚证用补肺健脾方，肺肾气鸣;) 舌质淡或红、舌苔白腻或黄腻，或脉滑或数...
健脾,意识障碍,治疗-改善-症状,...) 喘息气促;) 喉中痰 医辨证治疗方案( 肺脾气虚证用补肺健脾方，肺肾气鸣;) 舌质淡或红、舌苔白腻或黄腻，或脉滑或数。
益肾,呼吸困难,治疗-改善-症状,次症: 喉中痰 证用补肺益肾方) 能够减少患者急性加重次数，改善鸣，肢体瘛疭甚则抽搐，舌质暗红、绛、紫，脉滑、 肺功能和呼吸困难程度，改善临床症状，提高运动耐数［］。
健脾,头晕,治疗-改善-症状,此证亦可选用补肺健脾方［-］( 证据级别 B; 头晕;) 干咳或少痰、咯痰不爽;) 盗汗;) 手足心推荐强度:弱...
益肾,祛邪,治疗-改善-症状,...为主，以实证为次，故治疗以补益为主如补益肺气、补肺健脾、补肺益肾等，佐以祛邪如 克虎、詹思延、胡镜清、张俊华、陈薇、廖星、宇文亚。
补肺,腹胀,治疗-改善-症状,治疗可改善患者咳嗽、咯痰、气短、纳少、腹胀症状( 推荐强 补肺汤处方出处为元·李仲南《永类钤方》。
健脾,中成药,治疗-改善-症状,不良反应:偶见恶心、呕吐、胃 虚证候慢阻肺中成药予人参健脾丸［］治疗可提高MWD部不适、便秘、咽干。
活血,失眠,治疗-改善-症状,适应症:益气活血，补仁;失眠者加远志、龙骨、牡蛎;腹泻者去肉苁蓉、熟地黄加车 肺固肾。
活血,腹泻,治疗-改善-症状,适应症:益气活血，补仁;失眠者加远志、龙骨、牡蛎;腹泻者去肉苁蓉、熟地黄加车 肺固肾。
血气分析,呼吸困难,检查-评估-疾病,...状，如突发或加观察症状和体征，连续监测氧饱和度，间歇检测动脉血气分析，控重的静息呼吸困难、呼吸频率增快、氧合下降、意识改变、嗜睡；
血气分析,意识障碍,检查-评估-疾病,...状，如突发或加观察症状和体征，连续监测氧饱和度，间歇检测动脉血气分析，控重的静息呼吸困难、呼吸频率增快、氧合下降、意识改变、嗜睡...
呼吸频率,意识障碍,检查-评估-疾病,...连续监测氧饱和度，间歇检测动脉血气分析，控重的静息呼吸困难、呼吸频率增快、氧合下降、意识改变、嗜睡；
CT,慢性咳嗽,检查-评估-疾病,...（ ）或 织的慢性非特异性炎症，临床上以咳嗽、咳痰为主A RCT系统评价或 分析Meta 要症状，或有喘息，每年发病持续 个...
肺功能,喘息,检查-评估-疾病,有些哮喘患者肺功能已有明显下降，. UACS/PNDS等多种基础疾病，症状及体征差异较大且多无特异 但咳嗽仍为唯一症状或主要症状，也有部分典型哮性，因此，必须综合病史、体征及相关检查，在除外 喘患者在
CT,咳痰,检查-评估-疾病,...的随机对照试验（ ）或 织的慢性非特异性炎症，临床上以咳嗽、咳痰为主A RCT系统评价或 分析Meta 要症状，或有喘息，每年发病持续 个...
CT,喘息,检查-评估-疾病,...（ ）或 织的慢性非特异性炎症，临床上以咳嗽、咳痰为主A RCT系统评价或 分析Meta 要症状，或有喘息，每年发病持续 个月或更长时证据来自有研究缺陷的 或低质量的...
肺功能,胸闷,检查-评估-疾病,第 秒用力呼气容积 依据上述肺功能分级和对症状及急性加重风GOLD FEV表慢性阻塞性肺疾病（慢阻肺）患者自我评估测试问卷（ 问卷）［］CAT症状 评分（分） 症状我从不咳嗽 我总是咳嗽我肺里一点痰都
CT,心动过速,检查-评估-疾病,...动脉造影、 二聚体以及胸部 检查、肺通气灌注显影、. D⁃ CT D⁃ CT肺动脉造影 下肢多普勒超声、超声心动图联合检测. CT心力衰竭 胸部影像学 新出现的呼吸困难或呼吸困难加剧、心动过速、
CT,变应性咳嗽,检查-评估-疾病,CTC部 检查有助于发现气管壁增厚、气管壁钙化、气 （）变应原皮试和血清 检查：用于检测患CTIgE管狭窄、支气管扩张等，对于一些少见的慢性咳嗽 者是否存在特应质和确定变应原类型，有助于变应病因，如支
肺功能,肺脾气虚,检查-评估-疾病,...阻肺的疾病特点与转..中医药治疗是否可延缓慢阻肺稳定期患者的肺功能 归，增强其接受规范诊疗的信心，并提醒患者定期监测与随下降 访;另一方面，建议慢阻肺患者注意生活方式的调整，同时临...推荐意见
脉搏血氧,心动过速,检查-评估-疾病,"评分 记录呼吸急促 心动过速等体征 结合痰量与环境因素 也可以由; 、 , AECOPD AECOPD和颜色 呼吸窘迫 如使用辅助呼吸肌 综合评 非感染因素引起 如吸烟 大气污染 吸入变应原、 ( )"
CT,肺癌,检查-筛查-疾病,目前市面上存在‑CTC FeNO往检查仍无法明确病因，或针对常见病因治疗无 多种品牌的 检测仪器，但健康人参考值尚未FeNO效，或怀疑支气管扩张、肺癌或异物等少见病因的 完全统一，且诊断嗜酸粒细胞性气
慢性阻塞性肺疾病,肺功能,检查-辅助诊断-疾病,...目 一级医院 二级医院 慢阻肺诊断改进空间 医生（N=）简易肺功能仪.%.% 患者不重视，未及时就诊%大肺功能仪 -.% 患者...
慢性阻塞性肺疾病,CT,检查-辅助诊断-疾病,必要时行胸部 检查CT肺栓塞 临床可能性评估（咯血、外科 低氧血症与慢阻肺的严重程...
呼吸衰竭,肺功能,检查-辅助诊断-疾病,肺功能检查 a（）脉搏氧饱和度（ ）监测和动脉血气分析：当SpO患者临床症状提示有呼吸衰竭或右心衰竭时应监使用支气管舒张剂后 使用支气管舒张剂后测 。
右心衰竭,肺功能,检查-辅助诊断-疾病,肺功能检查 a（）脉搏氧饱和度（ ）监测和动脉血气分析：当SpO患者临床症状提示有呼吸衰竭或右心衰竭时应监使用支气管舒张剂后 使用支气管舒张剂后测 。
慢性阻塞性肺疾病,血气分析,检查-辅助诊断-疾病,...以上医院在确定治疗和管理方 FEV ）测定、检测血氧饱和度和血气分析以评估患案后，应到基层医疗机构接受长期管理。
慢性阻塞性肺疾病,心电图,检查-辅助诊断-疾病,"AECOPD ,心电图学评价 患者常见心电图 病原菌 铜绿假单胞菌 或其他革兰阴性..."
支气管哮喘,心电图,检查-辅助诊断-疾病,...病（简称慢阻肺）诊断流程慢阻肺合并慢性肺动脉高压或慢性肺心病心电图鉴别诊断：慢阻肺应与哮喘、支气管扩张症、可表现为：额面平均电轴 ；
支气管扩张,心电图,检查-辅助诊断-疾病,...病（简称慢阻肺）诊断流程慢阻肺合并慢性肺动脉高压或慢性肺心病心电图鉴别诊断：慢阻肺应与哮喘、支气管扩张症、可表现为：额面平均电轴 ；
支气管扩张,CT,检查-辅助诊断-疾病,CTC部 检查有助于发现气管壁增厚、气管壁钙化、气 （）变应原皮试和血清 检查：用于检测患CTIgE管狭窄、支气管扩张等，对于一些少见的慢性咳嗽 者是否存在特应质和确定变应原类型...
呼吸衰竭,脉搏血氧,检查-辅助诊断-疾病,部 检查、诱导痰细胞学分类、呼出气一氧化氮CT脉搏血氧饱和度监测和血气分析：脉搏血氧 （ ， ）检测、超声心. fractional exhaled nitric oxide FeNO饱和度可用于评估
呼吸衰竭,血气分析,检查-辅助诊断-疾病,...查、诱导痰细胞学分类、呼出气一氧化氮CT脉搏血氧饱和度监测和血气分析：脉搏血氧 （ ， ）检测、超声心. fractional exhaled nitric oxide FeNO饱和度可用于评估
心力衰竭,血气分析,检查-辅助诊断-疾病,...查、诱导痰细胞学分类、呼出气一氧化氮CT脉搏血氧饱和度监测和血气分析：脉搏血氧 （ ， ）检测、超声心. fractional exhaled nitric oxide FeNO饱和度可用于评估
心力衰竭,脉搏血氧,检查-辅助诊断-疾病,部 检查、诱导痰细胞学分类、呼出气一氧化氮CT脉搏血氧饱和度监测和血气分析：脉搏血氧 （ ， ）检测、超声心. fractional exhaled nitric oxide FeNO饱和度可用于评估
肺动脉高压,心电图,检查-辅助诊断-疾病,慢阻肺合并慢性肺动脉高压或慢性肺心病 进行推荐项目检查的目的是为了进一步评估慢阻的心电图可表现为：额面平均电轴 ；
支气管哮喘,肺功能,检查-辅助诊断-疾病,肺功能检查提示阻塞性通气功能障碍，且为持续并进展性气流受限支气管哮喘 早年发病（通常在儿童期），每日症状变化快，夜间和清晨症状明...
心力衰竭,肺功能,检查-辅助诊断-疾病,肺功能检查多为可逆性气流受限充血性心力衰竭 线胸片示心脏扩大、肺水肿，心脏病史、心电图、超声心动图、型...
支气管扩张,肺功能,检查-辅助诊断-疾病,...性阻塞性肺疾病患者自我评估测试问卷;SGＲQ:圣·乔治医..肺功能检查 吸入支气管扩张剂后 FEV /FVC＜院呼吸问题调查问卷;GOLD:慢性阻...
肺结核,肺功能,检查-辅助诊断-疾病,肺功能检查可出现阻塞性通气功能障碍肺结核 所有年龄均可发病， 线胸片示肺浸润性病灶或结节状、空洞样改...
鼻窦炎,肺功能,检查-辅助诊断-疾病,肺功能检查可出现阻塞性通气功能障碍CT弥漫性泛细支气管炎 主要发生在亚洲人群中，多为男性非吸烟者，患者几乎均有慢性鼻窦炎， 胸片和高分辨率 示弥漫性小叶中央结X CT节影和过度充气...
阻塞性睡眠呼吸暂停,肺功能,检查-辅助诊断-疾病,"肺功能检查可出现阻塞性通气功能障碍fmx_TRoZXJNaXJybJz· · 中华全科医师杂志 年 月第 卷第 期Chin J Gen Pract, June, Vol., No.（九）阻塞性睡眠呼吸"
心力衰竭,CT,检查-辅助诊断-疾病,. X胸腔超声 必要时行超声、胸部 检查. CT心律失常（心房颤动、 心电图、 新出现的心悸和呼吸急促，心电图、 、心电监测常可诊断Hotler Holter心房扑动）急性冠状动脉综合征 心电图 呼吸
心力衰竭,心电图,检查-辅助诊断-疾病,...超声 必要时行超声、胸部 检查. CT心律失常（心房颤动、 心电图、 新出现的心悸和呼吸急促，心电图、 、心电监测常可诊断Hotler Holter心房扑动）急性冠状动脉综合征 心电图 呼吸困难
肺癌,CT,检查-辅助诊断-疾病,目前市面上存在‑CTC FeNO往检查仍无法明确病因，或针对常见病因治疗无 多种品牌的 检测仪器，但健康人参考值尚未FeNO效，或怀疑支气管扩张、肺癌或异物等少见病因的 完全统一，且诊断嗜酸粒细胞性气
变应性鼻炎,CT,检查-辅助诊断-疾病,CTC部 检查有助于发现气管壁增厚、气管壁钙化、气 （）变应原皮试和血清 检查：用于检测患CTIgE管狭窄、支气管扩张等，对于一些少见的慢性咳嗽 者是否存在特应质和确定变应原类型，有助于变应病因，如支
心血管疾病,血气分析,检查-辅助诊断-疾病,...疗单位可通过 指数评估预后BODE（ ）再次评估血氧饱和度和血气分析有助于更准确判断是否需要长期氧疗（ ）识别和评估急性加重风险和原因：准确识别患者急性加重风险有助于针对性治疗（ ）评估是否存在
右心衰竭,血气分析,检查-辅助诊断-疾病,肺功能检查 a（）脉搏氧饱和度（ ）监测和动脉血气分析：当SpO患者临床症状提示有呼吸衰竭或右心衰竭时应监使用支气管舒张剂后 使用支气管舒张剂后测 。
心血管疾病,肺功能,检查-辅助诊断-疾病,...是否存在合并症以及是否给予相应治疗，如合并其他呼吸系统病变、心血管疾病、骨质疏松、营养不良等注： 指数包含 占预计值 、 步行距离、 评分和体重指数 个方面，总分 分，可预测慢阻肺患者生存率BO
慢性阻塞性肺疾病,血嗜酸粒细胞计数,检查-辅助诊断-疾病,...CS隆 溴 铵 （ ）［ ］ 、乌 美 溴 铵 异质性，外周血嗜酸粒细胞计数可用于指导 的‐glycopyrronium ICS（ ）［...
支气管哮喘,血嗜酸粒细胞计数,检查-辅助诊断-疾病,对于血嗜酸粒细胞计数 个≥/数 个 的急性加重高风险患者，使用 或合并哮喘的患者...
肺炎,CT,检查-辅助诊断-疾病,（）肺炎球菌疫苗：多项 研究显示，慢阻肺long‐term oxygen therapy LTOTRCT态下严重低氧血症患者的生存率，对血流动力学、 患者接种肺炎球...
呼吸衰竭,呼吸频率,检查-辅助诊断-疾病,慢阻肺患急性加重合并 型呼吸衰竭患者首选的呼吸支持 PEEP%Ⅱ 者的撤机过程可能会遇到困难，有创与无创序贯性方式［， ］，可改善患者呼吸性酸中毒，降低 、PaCO机械通气策略有助于早日撤机［呼吸频率
慢性阻塞性肺疾病,呼吸频率,检查-辅助诊断-疾病,...H≥);疗与必要的呼吸支持 低血压时应用血管活性药物 窘迫 呼吸频率 次 对常规氧疗或; ( >/min); NIV如多巴胺 间...
肺癌,肺功能,检查-辅助诊断-疾病,...气流受限严重程度的合并症包括心血管疾病、代谢综合征、骨质疏松肺功能分级［症、抑郁和焦虑、肺癌、营养不良和骨骼肌功能障占预计值百分比（使用肺功能分级 气流...
慢性阻塞性肺疾病,吸气流速,检查-辅助诊断-疾病,"吸气流速 以实现吸呼比达到严重的血流动力学不稳定 , 对液体疗法和血管活性药物无反应 (~L/min),严重的室性心律失常 或 延长呼气时间 同时满足∶∶, , AECOPD威胁生命的低氧血症 不能耐"
慢性支气管炎,CT,检查-辅助诊断-疾病,图慢性支气管炎、肺气肿、慢性阻塞性肺疾病和支气管哮喘的关系示意图表证据质量和推荐强度分级标准证据质量 证据等级 解释 慢性支气管炎是气管、支气管黏膜及其周围组证据来自高质量的随机对照试验（ ）或 织的
支气管哮喘,CT,检查-辅助诊断-疾病,图慢性支气管炎、肺气肿、慢性阻塞性肺疾病和支气管哮喘的关系示意图表证据质量和推荐强度分级标准证据质量 证据等级 解释 慢性支气管炎是气管、支气管黏膜及其周围组证据来自高质量的随机对照试验（ ）或 织的
慢性支气管炎,肺功能,检查-辅助诊断-疾病,当专家意见 CT患者表现为慢性支气管炎和肺气肿时，一定要进推荐强度 推荐等级强推荐 一步行肺功能检查，以判断患者是否达到慢阻肺弱推荐 的诊断标准，一旦达到即...
肺癌,血气分析,检查-辅助诊断-疾病,以协助除外其他肺部疾病，如肺癌、支气管扩张症、 （）推荐项目包括：动脉血气分析、痰培养、胸肺纤维化等。
支气管扩张,血气分析,检查-辅助诊断-疾病,以协助除外其他肺部疾病，如肺癌、支气管扩张症、 （）推荐项目包括：动脉血气分析、痰培养、胸肺纤维化等。
呼吸衰竭,心电图,检查-辅助诊断-疾病,...O饱和度可用于评估患者是否需要氧疗，对于有呼吸 动图、 动态心电图（ ）、肺容量和弥散功能h Holter困难、呼吸衰竭或心力衰竭临床体征的患者应进行 检查、 步行试验（ ， ）、...
心血管疾病,心电图,检查-辅助诊断-疾病,... 肽 前 体（B N⁃terminal pro⁃B⁃type心电图：对于慢阻肺是否合并肺源性心脏病 ， ） 、 二 聚 体. natriuretic peptide NT⁃proBNP D⁃以及
肺结核,CT,检查-辅助诊断-疾病,患者%~% CT慢阻肺应与哮喘、支气管扩张症、充血性心力 往往吸烟史较长，每日痰量较大，加重次数较多，肺衰竭、肺结核和弥漫性泛细支气管炎等相鉴别，尤 功能较差，炎症生物标志物水...
鼻窦炎,CT,检查-辅助诊断-疾病,肺功能检查可出现阻塞性通气功能障碍CT弥漫性泛细支气管炎 主要发生在亚洲人群中，多为男性非吸烟者，患者几乎均有慢性鼻窦炎， 胸片和高分辨率 示弥漫性小叶中央结X CT节影和过度充气...
肺炎,肺功能,检查-辅助诊断-疾病,近年研究发现，苗包括肺炎球菌多糖结合疫苗（PCV ）和肺炎球菌 用于降脂治疗的他汀类药物在慢阻肺的治疗中可能多糖疫苗（PPV ），其多糖抗原主要用于诱导特异 具有抗炎、改善肺功能、延缓病情恶化等作用［
慢性阻塞性肺疾病,血常规,检查-辅助诊断-疾病,AECOPD血常规 血红细胞计数及血细胞比容有助 者血浆 浓度可以升高 合并左...
肺栓塞,CT,检查-辅助诊断-疾病,必要时行胸部 检查CT肺栓塞 临床可能性评估（咯血、外科 低氧血症与慢阻肺的严重程度不一...
肺栓塞,心电图,检查-辅助诊断-疾病,必要时行胸部 检查CT肺栓塞 临床可能性评估（咯血、外科 低氧血症与慢阻肺的严重程度不一致，低血压，深静脉血栓形成，心电图手术史、骨折、恶性肿瘤病 新出现的心房颤动、右束支传导阻滞、...
慢性阻塞性肺疾病,脉搏血氧,检查-辅助诊断-疾病,...等、 、 、 、 、 、 、 ( )、注 为无创机械通气 为慢性阻塞性肺疾病急性加重 为脉搏血氧饱和度:NIV ;AECOPD ;SpOfmx_TRoZXJ...
肺炎,呼吸频率,检查-辅助诊断-疾病,...症状，如流涕、喷嚏、鼻塞和鼻后 气管炎的患者，如心率 次 、呼吸频率≤/min ≤滴流感、咽喉刺激感或不适，可伴发热，全身症状较 次 、体温 且胸部无异常体征者，患肺炎/min ≤℃少［ ］。
心血管疾病,CT,检查-辅助诊断-疾病,...，本专家共识制订方法 应对急性加重发生率、肺功能下降率、胸部CT扫描、本共识写作组围绕中国慢阻肺中西医结合管理应 心血管疾病及肺癌发病风险等进行综合评估。
红细胞增多症,血常规,检查-辅助诊断-疾病,"AECOPD血常规 血红细胞计数及血细胞比容有助 者血浆 浓度可以升高 合并左心室衰NT-proBNP ,于了解红细胞增多症或有无出血或贫血血白细胞 竭时升高更明显[-]肌钙蛋白常被用..."
贫血,血常规,检查-辅助诊断-疾病,"AECOPD血常规 血红细胞计数及血细胞比容有助 者血浆 浓度可以升高 合并左心室衰NT-proBNP ,于了解红细胞增多症或有无出血或贫血血白细胞 竭时升高更明显[-]肌钙蛋白常被用于评估急性计数通"
呼吸衰竭,CT,检查-辅助诊断-疾病,使用参附注射液辅助治疗较对照组，可减少患者有创通另项RCT研究（例）[]联用痰热清注射液较 气时间（MD -.，%CI：-.~-.）、总机械通气对照组，可有效改善慢阻肺急性加重期合并呼吸衰竭患 时间（
肺动脉高压,吸气流速,检查-辅助诊断-疾病,"...导致 加重 一般, DPH ,~严重误吸或持续呕吐次 即可 吸气流速 通常选择较高的长期不能排出呼吸道的分泌物/min 。"
右心衰竭,心电图,检查-辅助诊断-疾病,AECOPD 、利尿剂 利尿剂适用于顽固性右心衰竭 听诊区第二心音亢进 第三心音 收缩期三尖瓣杂、 、 、明显水肿及合并急性左心衰竭的 患者 音等体征支持肺动脉高压的推断 而心电图可见右AECOPD 
肺动脉高压,CT,检查-辅助诊断-疾病,另有 安全性：纳入的项研究（例）[，，]中，项项RCT研究[]报告，联合补肺活血胶囊治疗例 研究[]无安全性报告，项研究[]报告未发生不良反应，慢阻肺合并肺动脉高压患者周，记录不良反应包括项研究[]报
慢性阻塞性肺疾病,支气管舒张剂,药物-治疗-疾病,表中西医联合防治慢性阻塞性肺疾病临床应用指南推荐意见摘要分期/合并症 目的 适用人群 证候 西医基础治疗 推荐意见 推荐级别 证据等级稳定期 改善生活 慢阻肺稳定期 肺气虚证：易感冒，反复急性 参考G
慢性阻塞性肺疾病,长效β2受体激动剂,药物-治疗-疾病,obstructive lung disease，GOLD）建议血嗜酸粒细胞慢阻肺的免疫调节治疗计数> 个/μl的慢阻肺...
慢性阻塞性肺疾病,吸入药物,药物-治疗-疾病,表中西医联合防治慢性阻塞性肺疾病临床应用指南推荐意见摘要分期/合并症 目的 适用人群 证候 西医基础治疗 推荐意见 推荐级别 证据等级稳定期 改善生活 慢阻肺稳定期 肺气虚证：易感冒，反复急性 参考G
慢性阻塞性肺疾病,长效毒蕈碱拮抗剂,药物-治疗-疾病,对于既往吸烟且当前未给药时间ww吸烟人群，相对风险RR=.，基于上 入组人数年龄±±±±述数据，Itepekimab已启...
慢性阻塞性肺疾病,ICS联合LABA,药物-治疗-疾病,...RIFY-当下吸烟%%%%/两项Ph临床研究，主要入组既往吸ICS+LABA+LAMA（%） ICS+LABA+LAMA（~%）ICS+L...
慢性阻塞性肺疾病,吸入性糖皮质激素,药物-治疗-疾病,...初始禁忌证或对 无有效应答，应降级减少或更换ICS ICS图慢性阻塞性肺疾病稳定期药物治疗的随访及流程· · 中华结核和呼吸杂志 年 月...
慢性阻塞性肺疾病,LABA联合LAMA,药物-治疗-疾病,表中西医联合防治慢性阻塞性肺疾病临床应用指南推荐意见摘要分期/合并症 目的 适用人群 证候 西医基础治疗 推荐意见 推荐级别 证据等级稳定期 改善生活 慢阻肺稳定期 肺气虚证：易感冒，反复急性 参考G
肺栓塞,线胸片,药物-治疗-疾病,住院患者首选气胸 线胸片或超声 SABA SAMA胸腔积液 X 线胸片或超声 雾化吸入给药，而门诊家庭治疗可采用经储物罐吸肺栓塞 二聚体和（或）下肢静脉彩超、D‐ 入定量气雾剂的方法或家庭...
肺栓塞,短效β2受体激动剂,药物-治疗-疾病,... 线胸片或超声 雾化吸入给药，而门诊家庭治疗可采用经储物罐吸肺栓塞 二聚体和（或）下肢静脉彩超、D‐ 入定量气雾剂的方法或家庭...
慢性阻塞性肺疾病,糖皮质激素,药物-治疗-疾病,"...气胸 新发生的严重呼吸衰竭 线胸片可疑支 使用支气管舒张剂 糖皮质激素和口服抗菌药物, ,X 、气管扩张症 肺不张 胸腔积液 心包..."
心血管疾病,吸入药物,药物-治疗-疾病,在吸入药物治疗的基础上，有研 及急性加重后至少 内，合并缺血性心脏病的d究表明 抑制剂（罗氟司特）［ ］、大环内酯类 高风险患者发生心血管事件（死亡、心肌梗死、卒PDE‐抗生素［ ］及对维生素 重度缺
心肌梗死,吸入药物,药物-治疗-疾病,在吸入药物治疗的基础上，有研 及急性加重后至少 内，合并缺血性心脏病的d究表明 抑制剂（罗氟司特）［ ］、大环内酯类 高风险患者发生心血管事件（死亡、心肌梗死、卒PDE‐抗生素［ ］及对维生素 重度缺
心肌梗死,长效β2受体激动剂,药物-治疗-疾病,...性心脏病指南进行，无论是治疗心支气管舒张剂LABA 绞痛或是心肌梗死，应用高选择性 受体阻滞剂治LAMA β疗是安全的，如有应用...
心肌梗死,长效毒蕈碱拮抗剂,药物-治疗-疾病,...性心脏病指南进行，无论是治疗心支气管舒张剂LABA 绞痛或是心肌梗死，应用高选择性 受体阻滞剂治LAMA β疗是安全的，如有应用...
心肌梗死,LABA联合LAMA,药物-治疗-疾病,...措施疗，应按照缺血性心脏病指南进行，无论是治疗心支气管舒张剂LABA 绞痛或是心肌梗死，应用高选择性 受体阻滞剂治LAMA β疗是安全的，如有应用...
心肌梗死,吸入性糖皮质激素,药物-治疗-疾病,...性心脏病指南进行，无论是治疗心支气管舒张剂LABA 绞痛或是心肌梗死，应用高选择性 受体阻滞剂治LAMA β疗是安全的，如有应用...
心肌梗死,ICS联合LABA,药物-治疗-疾病,...性心脏病指南进行，无论是治疗心支气管舒张剂LABA 绞痛或是心肌梗死，应用高选择性 受体阻滞剂治LAMA β疗是安全的，如有应用指证，则获益多于潜在风LABA+LAMA包含 的复合制剂ICS I
心力衰竭,支气管舒张剂,药物-治疗-疾病,对于接受长效支气管舒张剂治疗的慢阻肺肺减容术患者，如呼吸困难无明显好转，应注意心力衰竭。
慢性阻塞性肺疾病,受体阻断剂,药物-治疗-疾病,...素 慢阻肺患者心力衰竭的治疗应按照心力衰竭指南进行，选择性 受体阻断剂用于有明确的心血管适七、慢阻肺与合并症应症的慢阻肺患者，不推...
心力衰竭,受体阻断剂,药物-治疗-疾病,肺康复补充维生素 慢阻肺患者心力衰竭的治疗应按照心力衰竭指南进行，选择性 受体阻断剂用于有明确的心血管适七、慢阻肺与合并症应症的慢阻肺患者，不推...
肺癌,短效β2受体激动剂,药物-治疗-疾病,...因可能诱发心房颤动，不利于控制心室 （ ）筛查可及时发现早期肺癌，可作为改善CT LDCT率［ ， ］。
支气管炎,抗菌药物,药物-治疗-疾病,（）减充血剂与抗组胺药：减充血剂与第一 外证据表明，抗菌药物治疗对急性气管 支气管炎A‑代抗组胺药物联合应用能明显缓解咳嗽，改善打喷 患者的咳嗽...
支气管哮喘,口服抗菌药物,药物-治疗-疾病,相关检查，治疗 感冒 急性支 其他 哮喘 慢性支 支气管 其他气管炎 气管炎 扩张 如有明确细菌感染征象，如咳脓性图急性咳嗽的诊断流程图 痰或外周血白细胞计数增高者，可· · 中华全科医师杂志 年 月
支气管炎,激动剂,药物-治疗-疾病,...咳嗽，感染因素依旧存在，可能需要抗感染治疗，前，伴喘息的急性支气管炎成人患者，使用 受体 建议考虑此部分患者转诊至专科医院，明确其感染激动剂可能受益。
慢性阻塞性肺疾病,抗胆碱能药物,药物-治疗-疾病,新近的临床研究显示， 三联ICS+LABA+LAMA抗胆碱能药物：通过阻断 和 胆碱受 药物方案较 在减少急性加重、改善肺功...
慢性阻塞性肺疾病,短效β2受体激动剂,药物-治疗-疾病,. SABA三、慢阻肺急性加重的诊断和鉴别诊断中度：可以在门诊治疗，需要使用 和. SABA（一）慢阻肺急性加重的诊断抗...
慢性阻塞性肺疾病,激动剂,药物-治疗-疾病,...长效 推荐意见 ：细菌溶解产物、磷酸二酯酶抑制剂、β -受体激动剂（long acting beta-agonists，LAB...
支气管炎,减充血剂,药物-治疗-疾病,（）减充血剂与抗组胺药：减充血剂与第一 外证据表明，抗菌药物治疗对急性气管 支气管炎A‑代抗组胺药物联合应用能明显缓解咳嗽，改善打喷 患者的咳嗽...
支气管炎,第一代抗组胺药物,药物-治疗-疾病,单用第一代抗组胺药物治疗无明 菌药物治疗急性气管 支气管炎（ ）。
鼻窦炎,糖皮质激素,药物-治疗-疾病,推荐应用鼻用糖皮质激素口咽部黏膜可呈鹅卵石样改变或咽后壁附有黏脓 激素治疗伴有鼻息肉的慢性鼻窦炎，可避免不必要性分泌物。
非变应性鼻炎,减充血剂,药物-治疗-疾病,是哮喘的一种特殊类型，咳嗽是其唯一或CVA（）病因治疗： 非变应性鼻炎以及普通感冒： 主要临床表现，无明显喘息、气促等症状，但存在气推荐首选口服第一代抗组胺药和减充血剂治 道高反应性。
慢性阻塞性肺疾病,苏子降气丸,药物-治疗-疾病,研究证据表明［-］，中医辨证治疗、中西医结合中成药:) 苏子降气丸( 证据级别: D; 推荐强 治疗COPD 稳定期的疗效较安...
肺炎,糖皮质激素,药物-治疗-疾病,非药物干预措施包 不超过 d，超过 d的口服糖皮质激素与慢阻肺急括患者教育、肺康复治疗、长期氧疗、家庭无创通气、 性加重肺炎及死亡风险增加有关。
慢性阻塞性肺疾病,抗菌药物,药物-治疗-疾病,"西班牙 诊断和治疗指南中抗菌药物 患者 临床上发现合并医院获得性肺炎AECOPD AECOPD ,推荐[]:()对于无铜绿假单胞菌感染危 或者呼吸机相关性肺炎可以结合影像学痰液性状险因素的患者 主要依"
支气管哮喘,糖皮质激素,药物-治疗-疾病,...染痰中EOS增多提 并心肌损伤都会增加患者死亡风险[]因此示糖皮质激素治疗反应性好[] 心电图异常或呼吸困难比 预期更严重AECO...
心力衰竭,抗菌药物,药物-治疗-疾病,... ( )异常表现包括右心房增大 右心室肥厚 右束支传 有使用抗菌药物或口服糖皮质激素治疗 病程迁、 、 ( 、导阻滞 肢体导联电压低 型 电轴右 延 每年急性加重超过 次、 、SSS、 、、FE
心力衰竭,糖皮质激素,药物-治疗-疾病,...现包括右心房增大 右心室肥厚 右束支传 有使用抗菌药物或口服糖皮质激素治疗 病程迁、 、 ( 、导阻滞 肢体导联电压低 型 电轴右 延 每年急性加重超过 次、 、SSS、 、、FEV%pred<
呼吸衰竭,支气管舒张剂,药物-治疗-疾病,"...受药物治疗 包括, , AECOPD ,杂气胸 新发生的严重呼吸衰竭 线胸片可疑支 使用支气管舒张剂 糖皮质激素和口服抗菌药物, ,X 、气管扩张症 肺不张 胸..."
呼吸衰竭,糖皮质激素,药物-治疗-疾病,"...受药物治疗 包括, , AECOPD ,杂气胸 新发生的严重呼吸衰竭 线胸片可疑支 使用支气管舒张剂 糖皮质激素和口服抗菌药物, ,X 、气管扩张症 肺不张 胸腔积液 心包..."
慢性阻塞性肺疾病,口服抗菌药物,药物-治疗-疾病,"...的严重呼吸衰竭 线胸片可疑支 使用支气管舒张剂 糖皮质激素和口服抗菌药物, ,X 、气管扩张症 肺不张 胸腔积液 心包积液 肺部 等..."
呼吸衰竭,口服抗菌药物,药物-治疗-疾病,"...受药物治疗 包括, , AECOPD ,杂气胸 新发生的严重呼吸衰竭 线胸片可疑支 使用支气管舒张剂 糖皮质激素和口服抗菌药物, ,X 、气管扩张症 肺不张 胸腔积液 心包积液 肺部 等..."
肺炎,抗菌药物,药物-治疗-疾病,"西班牙 诊断和治疗指南中抗菌药物 患者 临床上发现合并医院获得性肺炎AECOPD AECOPD ,推荐[]:()对于无铜绿假单胞..."
右心衰竭,支气管舒张剂,药物-治疗-疾病,"...失常治疗手段 治疗手段参见 肺血栓栓塞症AECOPD “并发右心衰竭时 有效地控制呼吸道感 诊治与预防指南 []和 急性肺血栓栓塞症诊断AECOPD , ” “染 应用支气管舒张剂 改善缺氧和高"
慢性阻塞性肺疾病,羧甲司坦,药物-治疗-疾病,...祛痰药 重且外周血 升高的慢阻肺患者能有效减少慢⁃EOS例如羧甲司坦和 乙酰半胱氨酸（ ）可减少未使 阻肺急性加重和改善肺功能［...
支气管哮喘,吸入性糖皮质激素,药物-治疗-疾病,因此， 六、对于支气管哮喘（简称哮喘）慢阻肺重叠ICS ‐即使 中未将肺结核列为慢阻肺...
肺结核,吸入性糖皮质激素,药物-治疗-疾病,...、对于支气管哮喘（简称哮喘）慢阻肺重叠ICS ‐即使 中未将肺结核列为慢阻肺的合并症，国 的诊断治疗及管理GOLD内制定慢阻肺...
肺结核,LABA联合LAMA,药物-治疗-疾病,感染或近期有肺结核感染的患者，应谨慎使用LABA+LAMA长效 受体激动剂（ ， ［ ］。
肺结核,激动剂,药物-治疗-疾病,感染或近期有肺结核感染的患者，应谨慎使用LABA+LAMA长效 受体激动剂（ ， ［ ］。
慢性阻塞性肺疾病,恩塞芬汀,药物-治疗-疾病,...戏 注册 登录Ohtuvayre(ensifentrine，恩塞芬汀)【Ohtuvayre适应症和用途】OHTUVAYRE是一种磷酸二酯酶(PDE)抑制剂和磷酸二酯酶(PDE)抑制剂，用于成人慢
慢性阻塞性肺疾病,免疫调节剂,药物-治疗-疾病,...质队列研究的系统综述单个队列研究（包括低质量随机对照研究，《慢性阻塞性肺疾病诊治指南（ 年修订b如随访率<%）版）》［］中关于慢阻肺治疗的内容提及免疫调节剂c 结局性研究：生态学研究治疗，推荐慢
慢性阻塞性肺疾病,磷酸二酯酶抑制剂,药物-治疗-疾病,...μl的慢阻肺患者初始治疗采用长效 推荐意见 ：细菌溶解产物、磷酸二酯酶抑制剂、β -受体激动剂（long acting beta-ago...
慢性阻塞性肺疾病,他汀类药物,药物-治疗-疾病,...究表明，流感疫苗可减轻重症慢阻肺患者临床症状并 推荐意见 ：他汀类药物及维生素D等具有免疫降低患者死亡率，且与安慰剂对照组相比，流...
支气管扩张,免疫调节剂,药物-治疗-疾病,...g，与稳定期患者相比也有明显变化，如血清免疫球蛋 其作为一种免疫调节剂，具有调节机体固有免疫和适E-mail:zgqkyx@chinagp.net.cn应性免疫的作用，有助于机体有效清除病毒抗原
肺炎,他汀类药物,药物-治疗-疾病,近年研究发现，苗包括肺炎球菌多糖结合疫苗（PCV ）和肺炎球菌 用于降脂治疗的他汀类药物在慢阻肺的治疗中可能多糖疫苗（PPV ），其多糖抗原主要用于...
慢性阻塞性肺疾病,度普利尤单抗,药物-治疗-疾病,. 《年月原料药相关价格情况 》--❖ 度普利尤单抗COPD适应症获批上市，患者分层或成临床试验的关键：. 《创...
支气管扩张,短效β2受体激动剂,药物-治疗-疾病,◼ 急性加重期治疗：支气管扩张剂优先推荐单用SABA（短效β受体激动剂）或联合SAMA（短效抗胆碱能药物）吸入治疗（住院患者首选雾化...
支气管扩张,激动剂,药物-治疗-疾病,◼ 急性加重期治疗：支气管扩张剂优先推荐单用SABA（短效β受体激动剂）或联合SAMA（短效抗胆碱能药物）吸入治疗（住院患者首选雾...
支气管扩张,抗胆碱能药物,药物-治疗-疾病,◼ 急性加重期治疗：支气管扩张剂优先推荐单用SABA（短效β受体激动剂）或联合SAMA（短效抗胆碱能药物）吸入治疗（住院患者首选雾化吸入，门诊/家庭治疗可采用吸入定...
慢性阻塞性肺疾病,生物制剂,药物-治疗-疾病,...用吸入三联难治患者占比%~%，对应~万人，艾特利单抗/ ST生物制剂渗透率%~%，年用药费用万元，对应市场空间 （Roche/A...
支气管扩张,吸入性糖皮质激素,药物-治疗-疾病,...免疫的作用，有助于机体有效清除病毒抗原及 治疗（包含吸入长效支气管扩张剂及ICS治疗等）但各种抗原抗体复合物，进而提高机体抗病能力...
肺炎,吸入性糖皮质激素,药物-治疗-疾病,...重与其他疾病的鉴别诊断分类 疾病 辅助检查 鉴别要点最常见 肺炎 胸部影像学 发热，听诊有啰音或支气管呼吸音，线胸片显示可疑...
心力衰竭,激动剂,药物-治疗-疾病,心血管不良反应（心肌梗塞、心绞痛、高血压、房颤、心力衰竭、心血管死亡、QT延长、全身性栓塞、中风等）需予以特别关注，并应进行密切监测、评估和说明，尤其是在联合使用长效β 激动剂+抗胆碱药的情况下。
慢性阻塞性肺疾病,线胸片,药物-治疗-疾病,"... J Gen Pract, June, Vol., No.表慢性阻塞性肺疾病（慢阻肺）急性加重与其他疾病的鉴别诊断分类 疾病 辅助检查 鉴别要点最常见 肺炎 胸部影像学 发热，听诊有啰音或支气管"
肺结核,线胸片,药物-治疗-疾病,肺功能检查可出现阻塞性通气功能障碍肺结核 所有年龄均可发病， 线胸片示肺浸润性病灶或结节状、空洞样改变，痰或支气管镜下肺部灌洗标...
支气管哮喘,LABA联合LAMA,药物-治疗-疾病,合并LABA+LAMA ICS+LABAICS+LABA+LAMA 哮喘的患者和近 年发生过 次急A B 性加重且血 个 的患者或 次急性加重并且 一种支气管舒张剂 一种长效支气管舒张剂（ EOS ≥
支气管哮喘,ICS联合LABA,药物-治疗-疾病,合并LABA+LAMA ICS+LABAICS+LABA+LAMA 哮喘的患者和近 年发生过 次急A B 性加重且血 个 的患者或 次急性加重并且 一种支气管舒张剂 一种长效支气管舒张剂（ EOS ≥
支气管哮喘,长效毒蕈碱拮抗剂,药物-治疗-疾病,... 次急A B 性加重且血 个 的患者或 次急性加重并且 一种支气管舒张剂 一种长效支气管舒张剂（ EOS ≥/μlLABA 建议升...
支气管哮喘,支气管舒张剂,药物-治疗-疾病,"... 心悸、 , 、 、等因素是 的重要诱因 近年来 嗜酸粒 对支气管舒张剂的需求增加AECOPD 。"
支气管哮喘,长效β2受体激动剂,药物-治疗-疾病,... 次急A B 性加重且血 个 的患者或 次急性加重并且 一种支气管舒张剂 一种长效支气管舒张剂（ EOS ≥/μlLABA 建议升...
支气管炎,ICS联合LABA,药物-治疗-疾病,...呼吸困难或运动受限 添加罗氟司特（针对 占预计值 ［ ］、慢ICS+LABA FEV%<%的 患 者 ，推 荐 升 级 至 三 联 疗 法（ 性支气管炎且近 年来至少出现 次急性加重住ICS+L
慢性阻塞性肺疾病,黏液溶解剂,药物-治疗-疾病,()氨溴索：是目前临床应用最广泛的黏液动 明以黏液溶解剂为代表的祛痰类药物可降低慢阻肺力药，可刺激呼吸道表面活性剂的...
肺炎,支气管舒张剂,药物-治疗-疾病,"吸入支气管舒张剂 如果以前没有卧床 需能的预防 通常是可以预;() , AECOPD AECOPD在室内行走 能够进食 且呼吸困难程度不影 防的 戒烟 流感疫苗接种和肺炎球菌疫苗接种;() , 。"
肺炎,线胸片,药物-治疗-疾病,...重与其他疾病的鉴别诊断分类 疾病 辅助检查 鉴别要点最常见 肺炎 胸部影像学 发热，听诊有啰音或支气管呼吸音，线胸片显示可疑浸润性阴影，白细胞增多，反应蛋白和降钙素原水平增高；
慢性阻塞性肺疾病,茶碱类药物,药物-治疗-疾病,...液免疫和细胞免疫水平、纠正免疫功能紊乱， 用该药物，且不应与茶碱类药物同时应用［］。
肺栓塞,糖皮质激素,药物-治疗-疾病,"（）家庭 雾化或口服糖皮质激素.
或社区支持不足 有抗菌治疗指征者，在评估病原体、采样后应用抗菌药物有指征者，建议使用无创通气动态监测液体、电解质和酸碱平衡预防深静脉栓塞症评估和处理合并症（如心力衰竭"
肺栓塞,抗菌药物,药物-治疗-疾病,"...
或社区支持不足 有抗菌治疗指征者，在评估病原体、采样后应用抗菌药物有指征者，建议使用无创通气动态监测液体、电解质和酸碱平衡预防深静脉栓塞症评估和处理合并症（如心力衰竭、心律失常、肺栓塞等）符合"
心血管疾病,支气管舒张剂,药物-治疗-疾病,...病，常见的表慢性阻塞性肺疾病患者气流受限严重程度的合并症包括心血管疾病、代谢综合征、骨质疏松肺功能分级［症、抑郁和焦虑、肺癌、营养不良和骨骼肌功能障占预计值百分比（使用肺功能分级 气流受限严重程
心血管疾病,糖皮质激素,药物-治疗-疾病,...入［缺血性心脏病：慢阻肺患者常合并缺血性心长效支气管舒张剂和糖皮质激素联合吸入［］、抗 脏病，但临床上漏诊很常见。
心血管疾病,长效β2受体激动剂,药物-治疗-疾病,慢阻肺患者缺血性心脏病的治‐次数的预防措施疗，应按照缺血性心脏病指南进行，无论是治疗心支气管舒张剂LABA 绞痛或是心肌...
心血管疾病,长效毒蕈碱拮抗剂,药物-治疗-疾病,慢阻肺患者缺血性心脏病的治‐次数的预防措施疗，应按照缺血性心脏病指南进行，无论是治疗心支气管舒张剂LABA 绞痛或是心肌...
心血管疾病,LABA联合LAMA,药物-治疗-疾病,...措施疗，应按照缺血性心脏病指南进行，无论是治疗心支气管舒张剂LABA 绞痛或是心肌梗死，应用高选择性 受体阻滞剂治LAMA β疗是安全的，如...
心血管疾病,吸入性糖皮质激素,药物-治疗-疾病,慢阻肺患者缺血性心脏病的治‐次数的预防措施疗，应按照缺血性心脏病指南进行，无论是治疗心支气管舒张剂LABA 绞痛或是心肌...
心血管疾病,ICS联合LABA,药物-治疗-疾病,...应用指证，则获益多于潜在风LABA+LAMA包含 的复合制剂ICS ICS+LABA 险［］，同时亦应遵循慢阻肺的治疗常规。
心肌梗死,支气管舒张剂,药物-治疗-疾病,...‐次数的预防措施疗，应按照缺血性心脏病指南进行，无论是治疗心支气管舒张剂LABA 绞痛或是心肌梗死，应用高选择性 受体阻滞剂治LAMA β疗是安全的，如有应用...
心力衰竭,黏液溶解剂,药物-治疗-疾病,"抑制剂 罗氟司特PDE‐β抗氧化剂和黏液溶解剂 乙酰半胱氨酸 心力衰竭：慢阻肺患者收缩性或舒张性心力N‐.
羧甲司坦衰竭的患病率为..."
心力衰竭,羧甲司坦,药物-治疗-疾病,"...制剂 罗氟司特PDE‐β抗氧化剂和黏液溶解剂 乙酰半胱氨酸 心力衰竭：慢阻肺患者收缩性或舒张性心力N‐.
羧甲司坦衰竭的患病率为 ，年发病率为厄多司坦%~%%~［ ］。"
肺癌,ACEI,药物-治疗-疾病,...询问 体格检查等症状或原有咳嗽性质发生改变的患者，应高度怀疑肺癌的可能，进一步进行影像学检查和支气管镜 相应检查 是否服用 是 停用ACEI ACEI检查。
支气管哮喘,线胸片,药物-治疗-疾病,...治疗指南（ 版）［］中，病史和家族史者应注意排除过敏性鼻炎和支气管除了 线胸片以外，肺通气功能 激发试验与诱导哮喘（哮喘）相关的咳嗽。
阻塞性睡眠呼吸暂停,吸入性糖皮质激素,药物-治疗-疾病,ICSOSA酸粒细胞比例与血嗜酸粒细胞比例并不平行，这一多数慢性咳嗽患者无异常体征。
变应性鼻炎,激动剂,药物-治疗-疾病,激动剂）的复方制剂，如布地奈德福莫特罗（//（）变应性鼻炎患者首选鼻腔吸入糖皮质激素 ，次 ；
变应性鼻炎,糖皮质激素,药物-治疗-疾病,激动剂）的复方制剂，如布地奈德福莫特罗（//（）变应性鼻炎患者首选鼻腔吸入糖皮质激素 ，次 ；
鼻窦炎,吸入性糖皮质激素,药物-治疗-疾病,少数 治疗效果欠佳者，/d CVA ICS（）慢性鼻窦炎： 使用白三烯受体拮抗剂治疗可能有效。
支气管哮喘,减充血剂,药物-治疗-疾病,...无明显喘息、气促等症状，但存在气推荐首选口服第一代抗组胺药和减充血剂治 道高反应性。
支气管扩张,线胸片,药物-治疗-疾病,...气 （）变应原皮试和血清 检查：用于检测患CTIgE管狭窄、支气管扩张等，对于一些少见的慢性咳嗽 者是否存在特应质和确定变应原类型，有助于变应病因，如支气管结石、复发性多软骨炎、支气管异 性疾病
结核中毒症状,糖皮质激素,药物-治疗-疾病,热、盗汗、消瘦等结核中毒症状，部分患者咳嗽是其治疗：糖皮质激素或抗组胺药物治疗有效。
结核中毒症状,抗组胺药物,药物-治疗-疾病,热、盗汗、消瘦等结核中毒症状，部分患者咳嗽是其治疗：糖皮质激素或抗组胺药物治疗有效。
慢性支气管炎,线胸片,药物-治疗-疾病,...不良事件少，建议莫西 别是高分辨率 ）显示支气管病变征象较 线胸片CT X沙星作为慢性支气管炎急性发作时的主要治疗药 更为敏感，尤其能显示叶以下支气管的病...
肺癌,线胸片,药物-治疗-疾病,肺癌咳嗽的治疗关键在于原发灶，放疗、化 否疗、射频消融术及手术切除肺部肿瘤能够缓解肺癌 明显病变 线胸片 咳嗽持续患者的咳嗽症状。
肺癌,支气管舒张剂,药物-治疗-疾病,...心血管疾病、代谢综合征、骨质疏松肺功能分级［症、抑郁和焦虑、肺癌、营养不良和骨骼肌功能障占预计值百分比（使用肺功能分级 气流受限严重程度 FEV支气管舒张剂后）碍等。
心力衰竭,线胸片,药物-治疗-疾病,肺功能检查多为可逆性气流受限充血性心力衰竭 线胸片示心脏扩大、肺水肿，心脏病史、心电图、超声心动图、型利钠肽等...
呼吸衰竭,短效β2受体激动剂,药物-治疗-疾病,...素可缩短康复时间，改善肺功能和氧合，降助于慢阻肺急性加重患者呼吸衰竭的诊断。
支气管扩张,糖皮质激素,药物-治疗-疾病,...CAT等量表结合COPD急性加重次数及严重程度（轻度仅需短效支气管扩张剂治疗、中度使用短效支气管扩张剂并加用抗生素和/或ICS（吸入糖皮质激素）、重度需要住院或急诊、ICU治疗）对患者症状及急性
支气管扩张,支气管舒张剂,药物-治疗-疾病,支气管扩张症患 目前，慢性气道炎症性疾病如慢阻肺及哮喘的者的气道黏膜纤毛的活动性下降，排痰能力也随之 治疗主要以支气管舒张剂、吸人性糖皮质激素抗炎下降，同时其分泌的黏液理化I生质也发生...
支气管哮喘,羧甲司坦,药物-治疗-疾病,对于哮喘患者，羧甲司坦述类祛痰类药物及其可能的作用机制见表。
变应性鼻炎,线胸片,药物-治疗-疾病,...变应病因，如支气管结石、复发性多软骨炎、支气管异 性疾病［如变应性鼻炎和变应性咳嗽（ ，atopiccough物、早期间质性肺疾病等， 线胸片不易发现此类 ）］的诊断。
支气管炎,抗组胺药物,药物-治疗-疾病,...组胺药：减充血剂与第一 外证据表明，抗菌药物治疗对急性气管 支气管炎A‑代抗组胺药物联合应用能明显缓解咳嗽，改善打喷 患者的咳嗽缓解、病程无明显...
支气管扩张,ICS联合LABA,药物-治疗-疾病,（）诱 定期支气管扩张症患者，推荐联合吸入ICS+LABA导痰嗜酸粒细胞不增高。
慢性支气管炎,他汀类药物,药物-治疗-疾病,他汀类药物［ ］、甘露醇吸入也可能有助‑在社区流行病学调查中，慢性支气管炎是常 于支气管扩张症治疗，但不推荐常规临床应见疾病，然而在专...
支气管扩张,他汀类药物,药物-治疗-疾病,他汀类药物［ ］、甘露醇吸入也可能有助‑在社区流行病学调查中，慢性支气管炎是常 于支气管扩张症治疗，但不推荐常规临床应见疾病，然而在专科门诊诊治的慢性咳...
鼻窦炎,ACEI,药物-治疗-疾病,...临床表现为慢性咳嗽、大 咳嗽是 类降压药物的常见不良反应，发ACEI量咳脓痰及间断性咯血，常合并慢性鼻窦炎。
糖尿病,抗胆碱能药物,药物-治疗-疾病,在中国慢阻肺 长效抗胆碱能药物（ ）可考虑作为慢阻肺患者. LAMA已成为与高血压和糖尿病“等量齐观”的最常见慢性疾 的起始治疗单药：存在持续的呼吸系...
糖尿病,长效毒蕈碱拮抗剂,药物-治疗-疾病,...能药物（ ）可考虑作为慢阻肺患者. LAMA已成为与高血压和糖尿病“等量齐观”的最常见慢性疾 的起始治疗单药：存在持续的呼吸系...
肺炎,长效毒蕈碱拮抗剂,药物-治疗-疾病,肺炎球菌LAMA/LABA ICS/LABA ICS/被证实是降...
肺炎,长效β2受体激动剂,药物-治疗-疾病,肺炎球菌LAMA/LABA ICS/LABA ICS/被证实是降...
肺动脉高压,糖皮质激素,药物-治疗-疾病,...结合方案干预慢阻肺并发症（呼吸衰西医结合治疗，可能会减少全身糖皮质激素用量， 竭、肺动脉高压）的疗效与安全性如何？
呼吸衰竭,线胸片,药物-治疗-疾病,"...受药物治疗 包括, , AECOPD ,杂气胸 新发生的严重呼吸衰竭 线胸片可疑支 使用支气管舒张剂 糖皮质激素和口服抗菌药物, ,X ..."
肺炎,LABA联合LAMA,药物-治疗-疾病,有增加肺炎、活动性肺LABA+LAMA+ICS ICS（）支气管舒张剂是慢阻肺的基础治疗药物， 结核...
支气管扩张,长效β2受体激动剂,药物-治疗-疾病,...antagonist LAMA MLAMA受体分离，从而延长支气管扩张作用时间超过 提示 的使用在急性加重高风险且高 这一MICS...
支气管扩张,长效毒蕈碱拮抗剂,药物-治疗-疾病,...antagonist LAMA MLAMA受体分离，从而延长支气管扩张作用时间超过 提示 的使用在急性加重高风险且高 这一MICS...
心力衰竭,吸入药物,药物-治疗-疾病,...包括吸烟、空气污染、吸入过敏原、手术、应用镇静药物、擅自停用吸入药物等（）气胸、胸腔积液、充血性心力衰竭、心律不齐、肺栓塞等肺内外并发症或合并症也是加重呼吸道症状的...
肺栓塞,吸入药物,药物-治疗-疾病,...包括吸烟、空气污染、吸入过敏原、手术、应用镇静药物、擅自停用吸入药物等（）气胸、胸腔积液、充血性心力衰竭、心律不齐、肺栓塞等肺内外并发症或合并症也是加重呼吸道症状的常见原因知晓减少慢...
慢性支气管炎,长效毒蕈碱拮抗剂,药物-治疗-疾病,...LABA或LAMA）以及LABA+ICS，此外在是否同时患有慢性支气管炎、外周血嗜酸性粒细胞水平高低、近期是否发生过急性加重事件等细...
慢性支气管炎,吸入性糖皮质激素,药物-治疗-疾病,...LABA或LAMA）以及LABA+ICS，此外在是否同时患有慢性支气管炎、外周血嗜酸性粒细胞水平高低、近期是否发生过急性加重事件等细...
慢性阻塞性肺疾病,联合制剂,药物-治疗-疾病,...在多项指南[，，]中推荐用于慢阻肺稳定期（肺素与支气管舒张剂联合制剂、化痰剂等，能缓解临床症 脾气虚）的治疗。
肺动脉高压,长效毒蕈碱拮抗剂,药物-治疗-疾病,...物、升级药物治疗方案至LAMA+LABA、实施或升级非肺合并肺动脉高压患者周，记录不良反应包括血氧 药物治疗措施，检查有无其他原因...
肺动脉高压,长效β2受体激动剂,药物-治疗-疾病,...物、升级药物治疗方案至LAMA+LABA、实施或升级非肺合并肺动脉高压患者周，记录不良反应包括血氧 药物治疗措施，检查有无其他原因...
心血管疾病,他汀类药物,药物-治疗-疾病,...节药物多项人群研究表明，慢阻肺尤其是老年慢阻肺患者 . . 他汀类药物（推荐等级：C） 他汀类药物主接种流感疫苗多年后缺血性心脏病...
心力衰竭,长效β2受体激动剂,药物-治疗-疾病,...颤、头晕和头疼，罕见不良反应包括心律失常、异常支气管痉挛以及心力衰竭人群的氧耗增加，与利尿剂等药物存在相互作用等；
慢性支气管炎,长效β2受体激动剂,药物-治疗-疾病,...LABA或LAMA）以及LABA+ICS，此外在是否同时患有慢性支气管炎、外周血嗜酸性粒细胞水平高低、近期是否发生过急性加重事件等细...
